perc_cov,n_sites,sim,Year,data,spsurv_list,Type,Subpopulation,Indicator,nResp,Estimate,StdError,MarginofError,LCB95Pct,UCB95Pct,obs
0.2,16,1,2019,,,pop,Newaukum,redd_dens,16,958.3507814894177,144.5101370384221,283.23466399625494,675.1161174931628,1241.5854454856726,766
0.2,16,1,2020,,,pop,Newaukum,redd_dens,16,953.1685308112228,149.98606572951223,293.9672870127012,659.2012437985215,1247.135817823924,782
0.2,16,1,2021,,,pop,Newaukum,redd_dens,16,1862.0572320693673,238.80555320004558,468.0502835802531,1394.0069484891142,2330.1075156496204,1745
0.2,16,2,2019,,,pop,Newaukum,redd_dens,16,892.5427523301996,162.30562898276327,318.1131872943363,574.4295650358633,1210.655939624536,766
0.2,16,2,2020,,,pop,Newaukum,redd_dens,16,728.0091291342129,118.88009381451724,233.00070235519658,495.0084267790163,961.0098314894095,782
0.2,16,2,2021,,,pop,Newaukum,redd_dens,16,1854.5828099831551,309.3041265647636,606.224948336555,1248.3578616466002,2460.80775831971,1745
0.2,16,3,2019,,,pop,Newaukum,redd_dens,16,826.7735425381607,101.98572299937315,199.8883440160496,626.8851985221111,1026.6618865542102,766
0.2,16,3,2020,,,pop,Newaukum,redd_dens,16,749.15248461679,113.0495273472628,221.57300206991096,527.579482546879,970.7254866867011,782
0.2,16,3,2021,,,pop,Newaukum,redd_dens,16,2184.01750525547,340.1656926976424,666.7125064634986,1517.3049987919715,2850.730011718969,1745
0.2,16,4,2019,,,pop,Newaukum,redd_dens,16,729.5506302316684,119.75097488373653,234.70759788568412,494.8430323459843,964.2582281173525,766
0.2,16,4,2020,,,pop,Newaukum,redd_dens,16,801.6390369102379,200.79710597700375,393.55509591479967,408.08394099543824,1195.1941328250375,782
0.2,16,4,2021,,,pop,Newaukum,redd_dens,16,1942.8271552450592,394.3186221379333,772.8502978238075,1169.9768574212517,2715.6774530688667,1745
0.2,16,5,2019,,,pop,Newaukum,redd_dens,16,687.7724507923235,117.34219632205657,229.9864786580592,457.7859721342643,917.7589294503828,766
0.2,16,5,2020,,,pop,Newaukum,redd_dens,16,809.2037173554725,277.637116230618,544.1587485835721,265.04496877190036,1353.3624659390446,782
0.2,16,5,2021,,,pop,Newaukum,redd_dens,16,2037.838520353371,499.0902887065267,978.1989908984898,1059.639529454881,3016.037511251861,1745
0.2,16,6,2019,,,pop,Newaukum,redd_dens,16,942.8191267065527,119.44632868645536,234.11050231098596,708.7086243955666,1176.9296290175387,766
0.2,16,6,2020,,,pop,Newaukum,redd_dens,16,930.0563565662695,170.77032716999497,334.7036908813119,595.3526656849576,1264.7600474475814,782
0.2,16,6,2021,,,pop,Newaukum,redd_dens,16,2098.1711364533876,287.820224944027,564.1172749125097,1534.0538615408777,2662.2884113658974,1745
0.2,16,7,2019,,,pop,Newaukum,redd_dens,16,736.4252208636581,149.7062908860207,293.41893839567746,443.0062824679806,1029.8441592593356,766
0.2,16,7,2020,,,pop,Newaukum,redd_dens,16,962.9887497604965,266.7294578705724,522.7801310422154,440.20861871828106,1485.768880802712,782
0.2,16,7,2021,,,pop,Newaukum,redd_dens,16,1856.0698080026064,404.43076013462905,792.6697241040303,1063.4000838985762,2648.7395321066365,1745
0.2,16,8,2019,,,pop,Newaukum,redd_dens,16,1063.1054687661886,152.41440769689444,298.72674981091745,764.3787189552711,1361.832218577106,766
0.2,16,8,2020,,,pop,Newaukum,redd_dens,16,1050.2104711475306,225.05304629905535,441.0958653571737,609.1146057903569,1491.3063365047042,782
0.2,16,8,2021,,,pop,Newaukum,redd_dens,16,2445.4812126928996,399.78003990538303,783.5544799525362,1661.9267327403634,3229.035692645436,1745
0.2,16,9,2019,,,pop,Newaukum,redd_dens,16,561.4394364783694,92.14779352839535,180.60635657048792,380.8330799078815,742.0457930488574,766
0.2,16,9,2020,,,pop,Newaukum,redd_dens,16,593.0205432083592,108.56952023965157,212.79234948850947,380.22819371984974,805.8128926968686,782
0.2,16,9,2021,,,pop,Newaukum,redd_dens,16,1760.227015525198,359.6694974101998,704.9392612616138,1055.2877542635842,2465.166276786812,1745
0.2,16,10,2019,,,pop,Newaukum,redd_dens,16,679.1297643818646,130.15003377189456,255.089378779585,424.04038560227957,934.2191431614496,766
0.2,16,10,2020,,,pop,Newaukum,redd_dens,16,902.0470732420893,264.92755698191985,519.2484701967458,382.7986030453435,1421.295543438835,782
0.2,16,10,2021,,,pop,Newaukum,redd_dens,16,1634.3014911941627,363.7011570607993,712.841168974712,921.4603222194507,2347.1426601688745,1745
0.2,16,11,2019,,,pop,Newaukum,redd_dens,16,733.5576736756315,99.73361469791057,195.47429285589925,538.0833808197322,929.0319665315308,766
0.2,16,11,2020,,,pop,Newaukum,redd_dens,16,816.6728158530433,177.5022046832664,347.89792835565896,468.7748874973843,1164.5707442087023,782
0.2,16,11,2021,,,pop,Newaukum,redd_dens,16,1772.5945751992722,316.2020652851331,619.7446597960436,1152.8499154032286,2392.3392349953156,1745
0.2,16,12,2019,,,pop,Newaukum,redd_dens,16,598.9201761498049,93.56525563634254,183.38453125151463,415.53564489829023,782.3047074013195,766
0.2,16,12,2020,,,pop,Newaukum,redd_dens,16,561.7439388520409,146.48028658918176,287.09608615990163,274.6478526921392,848.8400250119425,782
0.2,16,12,2021,,,pop,Newaukum,redd_dens,16,1165.5741848803582,277.6773904332254,544.2376845701887,621.3365003101695,1709.811869450547,1745
0.2,16,13,2019,,,pop,Newaukum,redd_dens,16,705.687801422989,142.75484395577016,279.7943527719449,425.8934486510441,985.4821541949339,766
0.2,16,13,2020,,,pop,Newaukum,redd_dens,16,665.0504309029978,124.53265998774474,244.07952847495187,420.970902428046,909.1299593779497,782
0.2,16,13,2021,,,pop,Newaukum,redd_dens,16,1611.8781200602018,364.26737180282703,713.950929476602,897.9271905835998,2325.8290495368037,1745
0.2,16,14,2019,,,pop,Newaukum,redd_dens,16,815.7922210041318,120.18531390827361,235.55888673085707,580.2333342732747,1051.3511077349888,766
0.2,16,14,2020,,,pop,Newaukum,redd_dens,16,1014.2045187236054,302.4293454299925,592.7506249108084,421.453893812797,1606.9551436344136,782
0.2,16,14,2021,,,pop,Newaukum,redd_dens,16,2131.808526352082,451.9909902172898,885.8860621624837,1245.9224641895985,3017.6945885145656,1745
0.2,16,15,2019,,,pop,Newaukum,redd_dens,16,586.6984208689014,163.94188543695336,321.3201910140201,265.3782298548813,908.0186118829215,766
0.2,16,15,2020,,,pop,Newaukum,redd_dens,16,414.2081294460125,152.7452458682446,299.37518071147485,114.83294873453764,713.5833101574874,782
0.2,16,15,2021,,,pop,Newaukum,redd_dens,16,1164.795621868646,366.8425132781599,718.9981140233498,445.7975078452963,1883.7937358919958,1745
0.2,16,16,2019,,,pop,Newaukum,redd_dens,16,559.7763004796891,108.98858515673074,213.61370163316892,346.16259884652015,773.390002112858,766
0.2,16,16,2020,,,pop,Newaukum,redd_dens,16,677.8866731579358,212.6434570530096,416.7735173719885,261.1131557859473,1094.6601905299242,782
0.2,16,16,2021,,,pop,Newaukum,redd_dens,16,1128.5857228788302,304.6151043454047,597.0346336639036,531.5510892149266,1725.6203565427338,1745
0.2,16,17,2019,,,pop,Newaukum,redd_dens,16,677.070747378933,145.24909902302204,284.6830028720151,392.3877445069179,961.7537502509481,766
0.2,16,17,2020,,,pop,Newaukum,redd_dens,16,742.3363998525599,168.41656907043037,330.0904097778459,412.24599007471403,1072.4268096304058,782
0.2,16,17,2021,,,pop,Newaukum,redd_dens,16,1546.1547431346178,347.104696433542,680.3127038744508,865.842039260167,2226.4674470090686,1745
0.2,16,18,2019,,,pop,Newaukum,redd_dens,16,553.6882107560917,115.30816182618317,225.99984430283527,327.68836645325644,779.688055058927,766
0.2,16,18,2020,,,pop,Newaukum,redd_dens,16,771.955855774836,202.32764881873197,396.5549047613826,375.4009510134534,1168.5107605362186,782
0.2,16,18,2021,,,pop,Newaukum,redd_dens,16,1153.8827853055682,256.4824028835165,502.69627231998436,651.1865129855838,1656.5790576255527,1745
0.2,16,19,2019,,,pop,Newaukum,redd_dens,16,959.1554994404655,147.8955024266369,289.86985823166447,669.285641208801,1249.02535767213,766
0.2,16,19,2020,,,pop,Newaukum,redd_dens,16,1186.0073615949716,297.2032576846942,582.5076811499775,603.499680444994,1768.5150427449491,782
0.2,16,19,2021,,,pop,Newaukum,redd_dens,16,2842.8227872068283,817.2619909359227,1601.804068167908,1241.0187190389202,4444.626855374736,1745
0.2,16,20,2019,,,pop,Newaukum,redd_dens,16,612.1318436426786,117.01720952908335,229.34951624838052,382.78232739429814,841.4813598910591,766
0.2,16,20,2020,,,pop,Newaukum,redd_dens,16,637.8610616034313,135.87695506611806,266.31393825855855,371.5471233448727,904.1749998619898,782
0.2,16,20,2021,,,pop,Newaukum,redd_dens,16,1673.3068423393502,385.25145920600016,755.078985035262,918.2278573040882,2428.3858273746123,1745
0.2,16,21,2019,,,pop,Newaukum,redd_dens,16,516.9902688860994,117.10693330432886,229.5253716164187,287.4648972696807,746.5156405025182,766
0.2,16,21,2020,,,pop,Newaukum,redd_dens,16,484.0037468585318,165.40779828265906,324.1933273960779,159.81041946245392,808.1970742546098,782
0.2,16,21,2021,,,pop,Newaukum,redd_dens,16,1628.173228269193,404.89219144784295,793.5741128592684,834.5991154099246,2421.7473411284614,1745
0.2,16,22,2019,,,pop,Newaukum,redd_dens,16,985.4240874200972,213.29737847660886,418.05517981096216,567.368907609135,1403.4792672310593,766
0.2,16,22,2020,,,pop,Newaukum,redd_dens,16,1376.1153195826398,324.795627264912,636.587731775323,739.5275878073168,2012.703051357963,782
0.2,16,22,2021,,,pop,Newaukum,redd_dens,16,2583.194298399599,570.4973661504622,1118.1542909298657,1465.0400074697334,3701.3485893294646,1745
0.2,16,23,2019,,,pop,Newaukum,redd_dens,16,921.8323855605373,173.21359178429447,339.49240153004007,582.3399840304972,1261.3247870905775,766
0.2,16,23,2020,,,pop,Newaukum,redd_dens,16,925.9360334876386,184.73086282366165,362.06583796738596,563.8701955202527,1288.0018714550247,782
0.2,16,23,2021,,,pop,Newaukum,redd_dens,16,2090.284836640821,312.0376943498268,611.5826427445778,1478.7021938962434,2701.867479385399,1745
0.2,16,24,2019,,,pop,Newaukum,redd_dens,16,814.4997146949132,152.07139120421718,298.05444983916675,516.4452648557465,1112.55416453408,766
0.2,16,24,2020,,,pop,Newaukum,redd_dens,16,888.4993084344471,189.97140000016046,372.3371020929668,516.1622063414803,1260.836410527414,782
0.2,16,24,2021,,,pop,Newaukum,redd_dens,16,2067.0757029892384,321.7332409280038,630.5855648482353,1436.4901381410032,2697.6612678374736,1745
0.2,16,25,2019,,,pop,Newaukum,redd_dens,16,594.6578731403184,123.23934242046927,241.54467262251902,353.11320051779944,836.2025457628374,766
0.2,16,25,2020,,,pop,Newaukum,redd_dens,16,1074.5499823414932,274.98195129051936,538.9547209279652,535.595261413528,1613.5047032694583,782
0.2,16,25,2021,,,pop,Newaukum,redd_dens,16,1886.7906427177327,341.51320499578753,669.3535820365879,1217.4370606811449,2556.1442247543205,1745
0.2,16,26,2019,,,pop,Newaukum,redd_dens,16,754.521605802101,115.56347749018941,226.50025380897642,528.0213519931247,981.0218596110774,766
0.2,16,26,2020,,,pop,Newaukum,redd_dens,16,867.5823317563141,313.1584642344225,613.7793113533427,253.80302040297147,1481.3616431096568,782
0.2,16,26,2021,,,pop,Newaukum,redd_dens,16,1483.9479099344092,419.1681924630289,821.5545606922902,662.3933492421189,2305.5024706266995,1745
0.2,16,27,2019,,,pop,Newaukum,redd_dens,16,638.5499766037085,95.76790363550002,187.7016420004825,450.848334603226,826.251618604191,766
0.2,16,27,2020,,,pop,Newaukum,redd_dens,16,562.4275339361114,138.2783696664168,271.02062438709277,291.4069095490187,833.4481583232042,782
0.2,16,27,2021,,,pop,Newaukum,redd_dens,16,1628.4218141828674,367.94140184427033,721.1518960359491,907.2699181469183,2349.5737102188164,1745
0.2,16,28,2019,,,pop,Newaukum,redd_dens,16,588.6512902198111,115.15665568718074,225.7028977269538,362.94839249285735,814.3541879467649,766
0.2,16,28,2020,,,pop,Newaukum,redd_dens,16,684.2090291200675,294.58648426797464,577.3788994975054,106.83012962256214,1261.5879286175727,782
0.2,16,28,2021,,,pop,Newaukum,redd_dens,16,1270.5808461420072,428.23014543200594,839.315662141081,431.2651840009262,2109.896508283088,1745
0.2,16,29,2019,,,pop,Newaukum,redd_dens,16,655.7943343756119,115.80656978968327,226.97670596090342,428.8176284147085,882.7710403365154,766
0.2,16,29,2020,,,pop,Newaukum,redd_dens,16,481.7866363400589,84.42459604543635,165.46916765839788,316.317468681661,647.2558039984568,782
0.2,16,29,2021,,,pop,Newaukum,redd_dens,16,1141.6941329119436,211.31421884339576,414.16825835427085,727.5258745576728,1555.8623912662144,1745
0.2,16,30,2019,,,pop,Newaukum,redd_dens,16,701.6348108446198,90.98301436713562,178.32343136447608,523.3113794801437,879.9582422090958,766
0.2,16,30,2020,,,pop,Newaukum,redd_dens,16,649.6193062110509,163.63288346730883,320.71455828236486,328.90474792868605,970.3338644934158,782
0.2,16,30,2021,,,pop,Newaukum,redd_dens,16,1425.2795530178655,264.9665018841533,519.3248008025047,905.9547522153608,1944.6043538203703,1745
0.2,16,31,2019,,,pop,Newaukum,redd_dens,16,748.3854678555398,122.88723555301186,240.85455584359326,507.5309120119465,989.2400236991331,766
0.2,16,31,2020,,,pop,Newaukum,redd_dens,16,600.062252268574,97.6142850449685,191.32048306476503,408.74176920380893,791.382735333339,782
0.2,16,31,2021,,,pop,Newaukum,redd_dens,16,1749.356606324351,300.7220593077022,589.4044055998143,1159.9522007245369,2338.7610119241654,1745
0.2,16,32,2019,,,pop,Newaukum,redd_dens,16,769.4246833132835,125.17197020911183,245.33255348377972,524.0921298295037,1014.7572367970632,766
0.2,16,32,2020,,,pop,Newaukum,redd_dens,16,594.8416631653326,134.2729080160373,263.17006381089254,331.6715993544401,858.0117269762252,782
0.2,16,32,2021,,,pop,Newaukum,redd_dens,16,1609.6314236928229,330.92941008713575,648.609725195872,961.0216984969509,2258.2411488886946,1745
0.2,16,33,2019,,,pop,Newaukum,redd_dens,16,753.3911461485825,129.83785830921568,254.47752611587725,498.91362003270524,1007.8686722644597,766
0.2,16,33,2020,,,pop,Newaukum,redd_dens,16,851.9468525195601,132.22631004362526,259.15880549413225,592.7880470254279,1111.1056580136924,782
0.2,16,33,2021,,,pop,Newaukum,redd_dens,16,1975.3356876917444,357.3838976975196,700.4595681416854,1274.876119550059,2675.79525583343,1745
0.2,16,34,2019,,,pop,Newaukum,redd_dens,16,901.6628485358892,170.77973072522542,334.72212151089025,566.940727024999,1236.3849700467795,766
0.2,16,34,2020,,,pop,Newaukum,redd_dens,16,1143.1599207880918,327.10561509576274,641.1152247285163,502.0446960595755,1784.275145516608,782
0.2,16,34,2021,,,pop,Newaukum,redd_dens,16,2163.7557638502576,405.40216890821506,794.573650314525,1369.1821135357327,2958.3294141647825,1745
0.2,16,35,2019,,,pop,Newaukum,redd_dens,16,954.9428954211629,135.82237058256877,266.2069546366872,688.7359407844757,1221.14985005785,766
0.2,16,35,2020,,,pop,Newaukum,redd_dens,16,1030.7401169991385,201.14490087281357,394.23676138459376,636.5033556145447,1424.9768783837324,782
0.2,16,35,2021,,,pop,Newaukum,redd_dens,16,2497.116526911283,389.68723455371395,763.7729449602916,1733.3435819509914,3260.8894718715746,1745
0.2,16,36,2019,,,pop,Newaukum,redd_dens,16,749.891662201931,136.93655170108738,268.3907095012383,481.5009527006927,1018.2823717031692,766
0.2,16,36,2020,,,pop,Newaukum,redd_dens,16,848.4424791539142,221.70443803075923,434.53271375298027,413.9097654009339,1282.9751929068943,782
0.2,16,36,2021,,,pop,Newaukum,redd_dens,16,1901.9903331532048,412.66485490026264,808.8082532899618,1093.182079863243,2710.7985864431666,1745
0.2,16,37,2019,,,pop,Newaukum,redd_dens,16,1093.5307307907105,216.01028258748084,423.3723741617819,670.1583566289287,1516.9031049524924,766
0.2,16,37,2020,,,pop,Newaukum,redd_dens,16,995.8668396505769,258.40248847208284,506.45957092080874,489.4072687297682,1502.3264105713856,782
0.2,16,37,2021,,,pop,Newaukum,redd_dens,16,2142.0361787578154,422.3205940510404,827.7331542695996,1314.3030244882157,2969.769333027415,1745
0.2,16,38,2019,,,pop,Newaukum,redd_dens,16,760.9057799710539,102.11966485747669,200.1508652339549,560.75491473709894,961.0566452050089,766
0.2,16,38,2020,,,pop,Newaukum,redd_dens,16,1009.3365185453334,185.52950525901838,363.6311483772105,645.705370168123,1372.967666922544,782
0.2,16,38,2021,,,pop,Newaukum,redd_dens,16,1690.0619042584703,342.5900278253103,671.464116000183,1018.5977882582873,2361.5260202586533,1745
0.2,16,39,2019,,,pop,Newaukum,redd_dens,16,805.4255995635549,137.03471448971516,268.5831050315707,536.8424945319841,1074.0087045951257,766
0.2,16,39,2020,,,pop,Newaukum,redd_dens,16,686.9670516279347,88.16992919679468,172.8098857451641,514.1571658827705,859.7769373730988,782
0.2,16,39,2021,,,pop,Newaukum,redd_dens,16,1629.2222715430942,283.96328820178843,556.5578178070729,1072.6644537360212,2185.780089350167,1745
0.2,16,40,2019,,,pop,Newaukum,redd_dens,16,977.4622015074984,204.88836639725824,401.5738189898727,575.8883825176258,1379.036020497371,766
0.2,16,40,2020,,,pop,Newaukum,redd_dens,16,959.9515045992739,219.5507670442431,430.31159618485975,529.6399084144141,1390.2631007841337,782
0.2,16,40,2021,,,pop,Newaukum,redd_dens,16,1948.4085932919404,401.0350343413351,786.0142238478004,1162.39436944414,2734.422817139741,1745
0.2,16,41,2019,,,pop,Newaukum,redd_dens,16,873.1203824449284,117.49364641996338,230.28331539541165,642.8370670495167,1103.40369784034,766
0.2,16,41,2020,,,pop,Newaukum,redd_dens,16,806.5705877872058,123.68322166892881,242.41465996298442,564.1559278242214,1048.9852477501902,782
0.2,16,41,2021,,,pop,Newaukum,redd_dens,16,2397.9311868227687,318.8725759846768,624.9787645874782,1772.9524222352907,3022.909951410247,1745
0.2,16,42,2019,,,pop,Newaukum,redd_dens,16,808.9944515028986,143.5940419911841,281.43915069725296,527.5553008056456,1090.4336022001517,766
0.2,16,42,2020,,,pop,Newaukum,redd_dens,16,823.1319617043227,142.76372476425672,279.8117588367321,543.3202028675906,1102.943720541055,782
0.2,16,42,2021,,,pop,Newaukum,redd_dens,16,1785.8752322475807,338.8127438772925,664.0607755026869,1121.814456744894,2449.9360077502674,1745
0.2,16,43,2019,,,pop,Newaukum,redd_dens,16,804.6114778093208,138.77167546945788,271.98748599441785,532.623991814903,1076.5989638037386,766
0.2,16,43,2020,,,pop,Newaukum,redd_dens,16,1137.9635551397678,291.87502212169045,572.0645313453447,565.8990237944231,1710.0280864851125,782
0.2,16,43,2021,,,pop,Newaukum,redd_dens,16,2559.349520767848,331.4033936057349,649.5387158215918,1909.8108049462562,3208.8882365894397,1745
0.2,16,44,2019,,,pop,Newaukum,redd_dens,16,1026.0033581077407,183.30153912458127,359.2644149949388,666.738943112802,1385.2677731026795,766
0.2,16,44,2020,,,pop,Newaukum,redd_dens,16,761.4349612296492,221.863617011604,434.84469882253177,326.5902624071174,1196.279660052181,782
0.2,16,44,2021,,,pop,Newaukum,redd_dens,16,2040.7437105442464,545.4031914223344,1068.9706122409802,971.7730983032661,3109.7143227852266,1745
0.2,16,45,2019,,,pop,Newaukum,redd_dens,16,871.1162501607851,160.60448445082375,314.7790052792376,556.3372448815475,1185.8952554400225,766
0.2,16,45,2020,,,pop,Newaukum,redd_dens,16,597.1906590182163,130.94053775632923,256.63873811871235,340.5519208995039,853.8293971369286,782
0.2,16,45,2021,,,pop,Newaukum,redd_dens,16,1722.2694996180342,449.63242145226207,881.2633523279683,841.0061472900659,2603.5328519460027,1745
0.2,16,46,2019,,,pop,Newaukum,redd_dens,16,754.0479264600084,129.42308562082457,253.66458658485982,500.3833398751486,1007.7125130448683,766
0.2,16,46,2020,,,pop,Newaukum,redd_dens,16,875.7113383890418,174.76441678349565,342.53196267479876,533.179375714243,1218.2433010638406,782
0.2,16,46,2021,,,pop,Newaukum,redd_dens,16,1805.226864342106,407.01198999828404,797.7288416726133,1007.4980226694927,2602.955706014719,1745
0.2,16,47,2019,,,pop,Newaukum,redd_dens,16,818.3819809711603,173.53358323112928,340.1195732411972,478.26240772996306,1158.5015542123574,766
0.2,16,47,2020,,,pop,Newaukum,redd_dens,16,540.0855986486367,157.77112479026823,309.22572238930013,230.8598762593366,849.3113210379369,782
0.2,16,47,2021,,,pop,Newaukum,redd_dens,16,1598.9958513278607,426.1343215441401,835.2079228029253,763.7879285249354,2434.203774130786,1745
0.2,16,48,2019,,,pop,Newaukum,redd_dens,16,455.85948692869835,64.37594169511864,126.1745271932829,329.6849597354154,582.0340141219813,766
0.2,16,48,2020,,,pop,Newaukum,redd_dens,16,429.95312040343845,132.0038795030895,258.72284964562044,171.230270757818,688.6759700490588,782
0.2,16,48,2021,,,pop,Newaukum,redd_dens,16,970.8908185608549,224.2949337281991,439.6099920220684,531.2808265387864,1410.5008105829234,1745
0.2,16,49,2019,,,pop,Newaukum,redd_dens,16,819.266193941843,123.25812416357641,241.5814841625759,577.6847097792671,1060.847678104419,766
0.2,16,49,2020,,,pop,Newaukum,redd_dens,16,697.8397454487005,137.47953084828683,269.45492907410545,428.384816374595,967.294674522806,782
0.2,16,49,2021,,,pop,Newaukum,redd_dens,16,2056.720381539996,381.1317713086109,747.0045451288335,1309.7158364111629,2803.7249266688295,1745
0.2,16,50,2019,,,pop,Newaukum,redd_dens,16,841.9092284179193,149.14171885995805,292.31239755791586,549.5968308600034,1134.2216259758352,766
0.2,16,50,2020,,,pop,Newaukum,redd_dens,16,1014.4542428883545,227.7666601934736,446.41445085818094,568.0397920301737,1460.8686937465354,782
0.2,16,50,2021,,,pop,Newaukum,redd_dens,16,2261.4147111405464,358.2252674241136,702.108622503492,1559.3060886370545,2963.5233336440383,1745
0.30000000000000004,24,1,2019,,,pop,Newaukum,redd_dens,24,772.8554081249974,104.1416014819482,204.11378819694156,568.7416199280559,976.969196321939,766
0.30000000000000004,24,1,2020,,,pop,Newaukum,redd_dens,24,820.5231892253245,174.17365619935035,341.3740932063881,479.14909601893635,1161.8972824317125,782
0.30000000000000004,24,1,2021,,,pop,Newaukum,redd_dens,24,1584.1682198376357,302.20424584115455,592.3094378237512,991.8587820138845,2176.4776576613867,1745
0.30000000000000004,24,2,2019,,,pop,Newaukum,redd_dens,24,1027.0840112386782,160.5895570035525,314.74974802020483,712.3342632184733,1341.833759258883,766
0.30000000000000004,24,2,2020,,,pop,Newaukum,redd_dens,24,896.2928872141479,151.5386521410727,297.010300462246,599.2825867519018,1193.303187676394,782
0.30000000000000004,24,2,2021,,,pop,Newaukum,redd_dens,24,2501.037952015879,371.44882043241034,728.0263101474098,1773.0116418684693,3229.0642621632887,1745
0.30000000000000004,24,3,2019,,,pop,Newaukum,redd_dens,24,899.1574762333976,137.59954283653133,269.69014824877775,629.4673279846198,1168.8476244821754,766
0.30000000000000004,24,3,2020,,,pop,Newaukum,redd_dens,24,857.9795472347338,193.23277773855858,378.7292850002078,479.25026223452596,1236.7088322349416,782
0.30000000000000004,24,3,2021,,,pop,Newaukum,redd_dens,24,2192.0254248966935,356.62053754340667,698.9634097323911,1493.0620151643025,2890.9888346290845,1745
0.30000000000000004,24,4,2019,,,pop,Newaukum,redd_dens,24,954.5248171821129,141.08263439845916,276.51688226501165,678.0079349171012,1231.0416994471245,766
0.30000000000000004,24,4,2020,,,pop,Newaukum,redd_dens,24,846.3979868616213,122.24946479609586,239.60454812964505,606.7934387319763,1086.0025349912664,782
0.30000000000000004,24,4,2021,,,pop,Newaukum,redd_dens,24,1961.3759493790096,260.74137943507685,511.04371297204324,1450.3322364069663,2472.419662351053,1745
0.30000000000000004,24,5,2019,,,pop,Newaukum,redd_dens,24,874.150591281344,145.5876234534609,285.3464985635622,588.8040927177817,1159.4970898449062,766
0.30000000000000004,24,5,2020,,,pop,Newaukum,redd_dens,24,976.6376851907803,150.20393517610393,294.39430328135256,682.2433819094277,1271.031988472133,782
0.30000000000000004,24,5,2021,,,pop,Newaukum,redd_dens,24,2125.7342200149938,310.5462936303417,608.6595510478701,1517.0746689671237,2734.393771062864,1745
0.30000000000000004,24,6,2019,,,pop,Newaukum,redd_dens,24,709.7614187716428,106.49012953767718,208.71681860285221,501.04460016879057,918.4782373744949,766
0.30000000000000004,24,6,2020,,,pop,Newaukum,redd_dens,24,841.6818373620999,122.14457358130991,239.39896512636994,602.28287223573,1081.08080248847,782
0.30000000000000004,24,6,2021,,,pop,Newaukum,redd_dens,24,1993.0844671215982,309.3172176318304,606.2506063565252,1386.833860765073,2599.3350734781234,1745
0.30000000000000004,24,7,2019,,,pop,Newaukum,redd_dens,24,881.4448578105055,146.54107754253855,287.21523423906683,594.2296235714387,1168.6600920495723,766
0.30000000000000004,24,7,2020,,,pop,Newaukum,redd_dens,24,697.6709790245803,149.73838399171686,293.48183972699394,404.1891392975864,991.1528187515743,782
0.30000000000000004,24,7,2021,,,pop,Newaukum,redd_dens,24,1510.9361562791632,302.51479313235956,592.9180993300095,918.0180569491538,2103.8542556091725,1745
0.30000000000000004,24,8,2019,,,pop,Newaukum,redd_dens,24,606.9519093952613,110.24053595156704,216.06748010146435,390.8844292937969,823.0193894967256,766
0.30000000000000004,24,8,2020,,,pop,Newaukum,redd_dens,24,633.9329338997875,98.64213740931415,193.33503668030684,440.5978972194806,827.2679705800944,782
0.30000000000000004,24,8,2021,,,pop,Newaukum,redd_dens,24,1559.5489253109317,300.6848325047505,589.3314424067694,970.2174829041624,2148.880367717701,1745
0.30000000000000004,24,9,2019,,,pop,Newaukum,redd_dens,24,616.4770093686828,102.82294210731419,201.52926331478278,414.94774605390006,818.0062726834656,766
0.30000000000000004,24,9,2020,,,pop,Newaukum,redd_dens,24,740.6386884789092,167.14726819553914,327.6026257775139,413.03606270139534,1068.241314256423,782
0.30000000000000004,24,9,2021,,,pop,Newaukum,redd_dens,24,1413.2591327446169,259.95969729732116,509.51164413468376,903.747488609933,1922.7707768793007,1745
0.30000000000000004,24,10,2019,,,pop,Newaukum,redd_dens,24,911.7710594970195,142.03524487786814,278.3839644959487,633.3870950010707,1190.1550239929682,766
0.30000000000000004,24,10,2020,,,pop,Newaukum,redd_dens,24,1074.2288487759479,232.04190619077673,454.7937790379441,619.4350697380038,1529.022627813892,782
0.30000000000000004,24,10,2021,,,pop,Newaukum,redd_dens,24,2247.0560140147513,360.75397434358126,707.0647969931058,1539.9912170216455,2954.120811007857,1745
0.30000000000000004,24,11,2019,,,pop,Newaukum,redd_dens,24,864.5347046933724,138.72828259413188,271.9024375215933,592.6322671717792,1136.4371422149657,766
0.30000000000000004,24,11,2020,,,pop,Newaukum,redd_dens,24,755.0371690515885,119.23905307966653,233.70424958680616,521.3329194647824,988.7414186383946,782
0.30000000000000004,24,11,2021,,,pop,Newaukum,redd_dens,24,1862.30538755766,265.4881754789853,520.3472622600609,1341.958125297599,2382.652649817721,1745
0.30000000000000004,24,12,2019,,,pop,Newaukum,redd_dens,24,602.87281279849,124.35627429868741,243.73381887701123,359.1389939214788,846.6066316755013,766
0.30000000000000004,24,12,2020,,,pop,Newaukum,redd_dens,24,550.599538293044,114.53429843659261,224.48309993028369,326.11643836276033,775.0826382233276,782
0.30000000000000004,24,12,2021,,,pop,Newaukum,redd_dens,24,1486.4792309795841,339.7733466267472,665.9435222950682,820.535708684516,2152.422753274652,1745
0.30000000000000004,24,13,2019,,,pop,Newaukum,redd_dens,24,846.4650448436474,129.04905554328425,252.9315011037461,593.5335437399013,1099.3965459473934,766
0.30000000000000004,24,13,2020,,,pop,Newaukum,redd_dens,24,883.5199017637714,154.12649115394743,302.0823717252681,581.4375300385033,1185.6022734890394,782
0.30000000000000004,24,13,2021,,,pop,Newaukum,redd_dens,24,2010.1262135306165,322.7503674523392,632.5790962036532,1377.5471173269634,2642.7053097342696,1745
0.30000000000000004,24,14,2019,,,pop,Newaukum,redd_dens,24,753.5414678686133,89.64027457387458,175.69170972907568,577.8497581395376,929.233177597689,766
0.30000000000000004,24,14,2020,,,pop,Newaukum,redd_dens,24,883.3320600306633,236.17125129625663,462.8871467244214,420.4449133062419,1346.2192067550848,782
0.30000000000000004,24,14,2021,,,pop,Newaukum,redd_dens,24,1890.1879816875673,331.6996337127985,650.1193357622129,1240.0686459253543,2540.3073174497804,1745
0.30000000000000004,24,15,2019,,,pop,Newaukum,redd_dens,24,858.244502294721,129.9950403862082,254.7855973257978,603.4589049689232,1113.0300996205187,766
0.30000000000000004,24,15,2020,,,pop,Newaukum,redd_dens,24,695.1711069123096,103.80875797512132,203.46142691107286,491.70968000123673,898.6325338233825,782
0.30000000000000004,24,15,2021,,,pop,Newaukum,redd_dens,24,1788.9177821381356,231.88225131743397,454.48086123623597,1334.4369209018996,2243.3986433743717,1745
0.30000000000000004,24,16,2019,,,pop,Newaukum,redd_dens,24,937.3388411847096,154.08012920138913,301.9915039680009,635.3473372167086,1239.3303451527106,766
0.30000000000000004,24,16,2020,,,pop,Newaukum,redd_dens,24,832.2647779725049,158.67788267116077,311.0029351785474,521.2618427939576,1143.2677131510522,782
0.30000000000000004,24,16,2021,,,pop,Newaukum,redd_dens,24,2047.2669287229126,568.342717640413,1113.9312574508265,933.3356712720861,3161.198186173739,1745
0.30000000000000004,24,17,2019,,,pop,Newaukum,redd_dens,24,589.1018407466364,71.43321685558675,140.00653233678952,449.0953084098469,729.1083730834259,766
0.30000000000000004,24,17,2020,,,pop,Newaukum,redd_dens,24,761.5136775760635,132.3938988479181,259.4872735147584,502.02640406130513,1021.0009510908219,782
0.30000000000000004,24,17,2021,,,pop,Newaukum,redd_dens,24,1616.526643771752,279.6618632297157,548.1271797796092,1068.399463992143,2164.6538235513613,1745
0.30000000000000004,24,18,2019,,,pop,Newaukum,redd_dens,24,748.8771072300586,107.84261171659242,211.36763496325835,537.5094722668002,960.244742193317,766
0.30000000000000004,24,18,2020,,,pop,Newaukum,redd_dens,24,902.6852922737992,192.65697133521564,377.6007251875881,525.0845670862111,1280.2860174613872,782
0.30000000000000004,24,18,2021,,,pop,Newaukum,redd_dens,24,1784.6425036210333,314.47977138899535,616.3690257888205,1168.2734778322128,2401.0115294098537,1745
0.30000000000000004,24,19,2019,,,pop,Newaukum,redd_dens,24,995.2782420360683,120.77505677691484,236.7147615135332,758.5634805225351,1231.9930035496016,766
0.30000000000000004,24,19,2020,,,pop,Newaukum,redd_dens,24,991.3475290623895,138.65352160239962,271.7559086703496,719.5916203920399,1263.1034377327392,782
0.30000000000000004,24,19,2021,,,pop,Newaukum,redd_dens,24,2136.5138256977457,207.06096968533888,405.832043187204,1730.6817825105418,2542.3458688849496,1745
0.30000000000000004,24,20,2019,,,pop,Newaukum,redd_dens,24,767.3093887112469,140.76478981487523,275.893918328506,491.4154703827409,1043.2033070397529,766
0.30000000000000004,24,20,2020,,,pop,Newaukum,redd_dens,24,736.2565198322499,121.64045115212309,238.41090332136494,497.84561651088495,974.6674231536148,782
0.30000000000000004,24,20,2021,,,pop,Newaukum,redd_dens,24,2221.08527824769,502.01149366740685,983.9244474132746,1237.1608308344153,3205.0097256609647,1745
0.30000000000000004,24,21,2019,,,pop,Newaukum,redd_dens,24,705.3259278397716,116.72832118332387,228.7833054951386,476.54262234463295,934.1092333349102,766
0.30000000000000004,24,21,2020,,,pop,Newaukum,redd_dens,24,820.2160963312864,218.5794329487619,428.40781634076086,391.80827999052553,1248.6239126720473,782
0.30000000000000004,24,21,2021,,,pop,Newaukum,redd_dens,24,1428.9759332355925,254.66629903463857,499.136774183999,929.8391590515935,1928.1127074195915,1745
0.30000000000000004,24,22,2019,,,pop,Newaukum,redd_dens,24,813.407239782286,119.85601366650505,234.91347011689035,578.4937696653956,1048.3207098991763,766
0.30000000000000004,24,22,2020,,,pop,Newaukum,redd_dens,24,1009.3828912737023,203.31140626418681,398.4830339239972,610.8998573497051,1407.8659251976994,782
0.30000000000000004,24,22,2021,,,pop,Newaukum,redd_dens,24,2227.466393989938,316.77548029930347,620.8685325720121,1606.5978614179257,2848.33492656195,1745
0.30000000000000004,24,23,2019,,,pop,Newaukum,redd_dens,24,956.4080611019042,146.69880866805917,287.5243815643282,668.883679537576,1243.9324426662324,766
0.30000000000000004,24,23,2020,,,pop,Newaukum,redd_dens,24,805.984187294665,140.18745228020856,274.7623575536362,531.2218297410288,1080.7465448483013,782
0.30000000000000004,24,23,2021,,,pop,Newaukum,redd_dens,24,1861.3793304409683,279.3871456671234,547.5887432510075,1313.7905871899607,2408.968073691976,1745
0.30000000000000004,24,24,2019,,,pop,Newaukum,redd_dens,24,774.2988812600885,113.67329465239457,222.79556352270285,551.5033177373856,997.0944447827914,766
0.30000000000000004,24,24,2020,,,pop,Newaukum,redd_dens,24,639.2035230321577,148.37013566866074,290.8001222918966,348.4034007402611,930.0036453240543,782
0.30000000000000004,24,24,2021,,,pop,Newaukum,redd_dens,24,1740.3681367315965,290.0854077267064,568.5569515849616,1171.811185146635,2308.925088316558,1745
0.30000000000000004,24,25,2019,,,pop,Newaukum,redd_dens,24,782.2497432619496,147.40556977595557,288.9096078814788,493.34013538047077,1071.1593511434285,766
0.30000000000000004,24,25,2020,,,pop,Newaukum,redd_dens,24,753.0381542849757,167.74987702697922,328.78371738390217,424.2544369010735,1081.821871668878,782
0.30000000000000004,24,25,2021,,,pop,Newaukum,redd_dens,24,2111.3569997420686,553.8523448560164,1085.5306486708498,1025.8263510712188,3196.8876484129187,1745
0.30000000000000004,24,26,2019,,,pop,Newaukum,redd_dens,24,697.022960055598,112.30942824680342,220.12243448802008,476.9005255675779,917.1453945436181,766
0.30000000000000004,24,26,2020,,,pop,Newaukum,redd_dens,24,517.9331869487966,91.27448512150951,178.89470354559563,339.0384834032009,696.8278904943922,782
0.30000000000000004,24,26,2021,,,pop,Newaukum,redd_dens,24,1214.9879922500597,236.34066989392625,463.2192010741652,751.7687911758945,1678.207193324225,1745
0.30000000000000004,24,27,2019,,,pop,Newaukum,redd_dens,24,875.5971081059935,125.04387840360789,245.08149815827727,630.5156099477163,1120.6786062642707,766
0.30000000000000004,24,27,2020,,,pop,Newaukum,redd_dens,24,916.7708678813249,129.54065256408822,253.89501355942906,662.8758543218958,1170.665881440754,782
0.30000000000000004,24,27,2021,,,pop,Newaukum,redd_dens,24,2126.8313195349865,294.2772556169127,576.7728224784362,1550.0584970565503,2703.6041420134225,1745
0.30000000000000004,24,28,2019,,,pop,Newaukum,redd_dens,24,776.770666919535,102.3134033079258,200.53058561925573,576.2400813002793,977.3012525387907,766
0.30000000000000004,24,28,2020,,,pop,Newaukum,redd_dens,24,831.5683333122163,148.9834893134823,292.00227334553324,539.566059966683,1123.5706066577495,782
0.30000000000000004,24,28,2021,,,pop,Newaukum,redd_dens,24,1871.0983462134188,317.19142091602663,621.6837612004969,1249.414585012922,2492.7821074139156,1745
0.30000000000000004,24,29,2019,,,pop,Newaukum,redd_dens,24,675.2766460787841,114.14297110940711,223.7161124628338,451.5605336159503,898.9927585416178,766
0.30000000000000004,24,29,2020,,,pop,Newaukum,redd_dens,24,767.2240114289949,164.52195009404167,322.45709685061775,444.76691457837717,1089.6811082796125,782
0.30000000000000004,24,29,2021,,,pop,Newaukum,redd_dens,24,1780.4394293689359,339.44597255405165,665.3018809031128,1115.137548465823,2445.7413102720484,1745
0.30000000000000004,24,30,2019,,,pop,Newaukum,redd_dens,24,882.7751266666506,119.09984037168593,233.4313976929739,649.3437289736768,1116.2065243596246,766
0.30000000000000004,24,30,2020,,,pop,Newaukum,redd_dens,24,1105.2876070849204,238.8218308258792,468.0821871406408,637.2054199442796,1573.3697942255612,782
0.30000000000000004,24,30,2021,,,pop,Newaukum,redd_dens,24,2100.377146046461,330.9336779209729,648.6180899964849,1451.7590560499762,2748.9952360429456,1745
0.30000000000000004,24,31,2019,,,pop,Newaukum,redd_dens,24,824.4093126662984,94.35721539186834,184.93674384955034,639.4725688167481,1009.3460565158488,766
0.30000000000000004,24,31,2020,,,pop,Newaukum,redd_dens,24,725.0030742503169,110.59493583464075,216.76209110841404,508.24098314190286,941.7651653587309,782
0.30000000000000004,24,31,2021,,,pop,Newaukum,redd_dens,24,1605.3961980525896,202.81824272773557,397.5164511540643,1207.8797468985254,2002.912649206654,1745
0.30000000000000004,24,32,2019,,,pop,Newaukum,redd_dens,24,707.958382886893,119.0653571746019,233.3638118686174,474.5945710182756,941.3221947555104,766
0.30000000000000004,24,32,2020,,,pop,Newaukum,redd_dens,24,724.4382537827734,132.74171016104242,260.1689711618976,464.26928262087574,984.607224944671,782
0.30000000000000004,24,32,2021,,,pop,Newaukum,redd_dens,24,1829.4092928478053,340.4118385131269,667.1949433967935,1162.214349451012,2496.6042362445987,1745
0.30000000000000004,24,33,2019,,,pop,Newaukum,redd_dens,24,746.4714430602697,84.12077785875466,164.8736949546535,581.5977481056162,911.3451380149232,766
0.30000000000000004,24,33,2020,,,pop,Newaukum,redd_dens,24,994.8423287330583,153.72069956350308,301.28703482276796,693.5552939102903,1296.1293635558263,782
0.30000000000000004,24,33,2021,,,pop,Newaukum,redd_dens,24,2464.1296327039913,295.4795959895006,579.1293663058668,1885.0002663981245,3043.258999009858,1745
0.30000000000000004,24,34,2019,,,pop,Newaukum,redd_dens,24,914.5182073154897,153.50314670701965,300.8606390593267,613.657568256163,1215.3788463748165,766
0.30000000000000004,24,34,2020,,,pop,Newaukum,redd_dens,24,1121.493561182356,187.79314336217152,368.06779753342323,753.4257636489327,1489.561358715779,782
0.30000000000000004,24,34,2021,,,pop,Newaukum,redd_dens,24,2316.444693731804,326.82337344781905,640.5620412636093,1675.8826524681945,2957.0067349954134,1745
0.30000000000000004,24,35,2019,,,pop,Newaukum,redd_dens,24,815.3262395276125,115.57468017985883,226.52221067725847,588.804028850354,1041.848450204871,766
0.30000000000000004,24,35,2020,,,pop,Newaukum,redd_dens,24,742.6287131397728,146.57528109851162,287.28227197691723,455.34644116285557,1029.91098511669,782
0.30000000000000004,24,35,2021,,,pop,Newaukum,redd_dens,24,1622.9218035967785,273.42025805051145,535.89385842265,1087.0279451741285,2158.8156620194286,1745
0.30000000000000004,24,36,2019,,,pop,Newaukum,redd_dens,24,853.243424603063,127.78958204803725,250.46297841357918,602.7804461894838,1103.706403016642,766
0.30000000000000004,24,36,2020,,,pop,Newaukum,redd_dens,24,726.6336736424573,130.2714600082758,255.32736982967046,471.30630381278684,981.9610434721278,782
0.30000000000000004,24,36,2021,,,pop,Newaukum,redd_dens,24,1746.9964613784537,298.1047789120719,584.2746302869361,1162.7218310915175,2331.2710916653896,1745
0.30000000000000004,24,37,2019,,,pop,Newaukum,redd_dens,24,876.2800747324094,116.28240248539068,227.90932090715654,648.3707538252529,1104.1893956395659,766
0.30000000000000004,24,37,2020,,,pop,Newaukum,redd_dens,24,1109.679993656362,190.4464083226787,373.2681012974594,736.4118923589026,1482.9480949538215,782
0.30000000000000004,24,37,2021,,,pop,Newaukum,redd_dens,24,2226.5520412541673,315.53862613750414,618.4443429607569,1608.1076982934105,2844.996384214924,1745
0.30000000000000004,24,38,2019,,,pop,Newaukum,redd_dens,24,748.3352654200004,93.87427269425447,183.99019355563055,564.3450718643699,932.3254589756309,766
0.30000000000000004,24,38,2020,,,pop,Newaukum,redd_dens,24,694.2232587997358,153.60199178936637,301.0543718607751,393.1688869389607,995.277630660511,782
0.30000000000000004,24,38,2021,,,pop,Newaukum,redd_dens,24,1890.5272972118357,342.7039315864706,671.6873632697609,1218.8399339420748,2562.2146604815966,1745
0.30000000000000004,24,39,2019,,,pop,Newaukum,redd_dens,24,692.9199747701362,92.40692249130748,181.1142400051469,511.8057347649892,874.0342147752831,766
0.30000000000000004,24,39,2020,,,pop,Newaukum,redd_dens,24,866.3566496877155,169.8443503382021,332.8888096404794,533.4678400472361,1199.245459328195,782
0.30000000000000004,24,39,2021,,,pop,Newaukum,redd_dens,24,1615.3762542805848,278.03459332861536,544.9377893803263,1070.4384649002586,2160.314043660911,1745
0.30000000000000004,24,40,2019,,,pop,Newaukum,redd_dens,24,509.402672957443,62.97027353044608,123.41946821631016,385.9832047411328,632.8221411737532,766
0.30000000000000004,24,40,2020,,,pop,Newaukum,redd_dens,24,643.2497283177318,101.97373835036672,199.86485453562963,443.3848737821021,843.1145828533614,782
0.30000000000000004,24,40,2021,,,pop,Newaukum,redd_dens,24,1490.2058756118158,240.49719649679548,471.3658435165715,1018.8400320952444,1961.5717191283873,1745
0.30000000000000004,24,41,2019,,,pop,Newaukum,redd_dens,24,796.131711100024,132.25922662337243,259.22332080493095,536.908390295093,1055.355031904955,766
0.30000000000000004,24,41,2020,,,pop,Newaukum,redd_dens,24,612.43776989735,116.259491753135,227.86441669707597,384.573353200274,840.302186594426,782
0.30000000000000004,24,41,2021,,,pop,Newaukum,redd_dens,24,1279.5707282062483,261.7068688759983,512.9360375037029,766.6346907025454,1792.5067657099512,1745
0.30000000000000004,24,42,2019,,,pop,Newaukum,redd_dens,24,780.6036954322112,143.41710556441438,281.0923616732311,499.51133375898013,1061.6960571054424,766
0.30000000000000004,24,42,2020,,,pop,Newaukum,redd_dens,24,820.986490364755,220.36881118934005,431.91493324701366,389.07155711774135,1252.9014236117687,782
0.30000000000000004,24,42,2021,,,pop,Newaukum,redd_dens,24,1456.0675335534024,313.0441229522881,613.555206558413,842.5123269949894,2069.6227401118153,1745
0.30000000000000004,24,43,2019,,,pop,Newaukum,redd_dens,24,862.1888248482447,138.04137407987827,270.5561215729823,591.6327032752624,1132.744946421227,766
0.30000000000000004,24,43,2020,,,pop,Newaukum,redd_dens,24,1031.330695469825,189.24437627688863,370.91216177944784,660.4185336903772,1402.242857249273,782
0.30000000000000004,24,43,2021,,,pop,Newaukum,redd_dens,24,2142.2634657097838,304.3541502607253,596.5231730563133,1545.7402926534705,2738.786638766097,1745
0.30000000000000004,24,44,2019,,,pop,Newaukum,redd_dens,24,741.9978461646302,114.274316415682,223.97354453267093,518.0243016319594,965.9713906973011,766
0.30000000000000004,24,44,2020,,,pop,Newaukum,redd_dens,24,780.9901570567498,207.78874754239405,407.2584615757779,373.7316954809719,1188.2486186325277,782
0.30000000000000004,24,44,2021,,,pop,Newaukum,redd_dens,24,1815.938103017455,300.99771274291345,589.9446764050431,1225.993426612412,2405.882779422498,1745
0.30000000000000004,24,45,2019,,,pop,Newaukum,redd_dens,24,987.7024564320266,113.23693101384615,221.94030650698505,765.7621499250415,1209.6427629390116,766
0.30000000000000004,24,45,2020,,,pop,Newaukum,redd_dens,24,1075.737304239476,183.49077078313732,359.6353022304435,716.1020020090326,1435.3726064699194,782
0.30000000000000004,24,45,2021,,,pop,Newaukum,redd_dens,24,2166.842656041721,260.19672009275433,509.9762002772478,1656.8664557644734,2676.8188563189688,1745
0.30000000000000004,24,46,2019,,,pop,Newaukum,redd_dens,24,665.5022493669816,119.86642082127985,234.93386776543048,430.5683816015511,900.436117132412,766
0.30000000000000004,24,46,2020,,,pop,Newaukum,redd_dens,24,463.201327226762,111.57014190983438,218.6734598932982,244.52786733346377,681.8747871200602,782
0.30000000000000004,24,46,2021,,,pop,Newaukum,redd_dens,24,1097.971634765994,222.37781937634156,435.85251693818276,662.1191178278111,1533.8241517041768,1745
0.30000000000000004,24,47,2019,,,pop,Newaukum,redd_dens,24,1005.7816180291564,118.75015479034334,232.74602654762947,773.035591481527,1238.5276445767859,766
0.30000000000000004,24,47,2020,,,pop,Newaukum,redd_dens,24,1075.9687683284078,140.14622713176664,274.6815577474327,801.2872105809752,1350.6503260758404,782
0.30000000000000004,24,47,2021,,,pop,Newaukum,redd_dens,24,2308.1489060052945,246.9379998610421,483.98958614199927,1824.1593198632952,2792.1384921472936,1745
0.30000000000000004,24,48,2019,,,pop,Newaukum,redd_dens,24,828.1368272664957,129.6613325595782,254.13154200424387,574.0052852622518,1082.2683692707396,766
0.30000000000000004,24,48,2020,,,pop,Newaukum,redd_dens,24,934.6793332409618,210.63421464270132,412.8354746115738,521.843858629388,1347.5148078525356,782
0.30000000000000004,24,48,2021,,,pop,Newaukum,redd_dens,24,1927.265575032614,340.3442600776411,667.0624920971097,1260.2030829355042,2594.3280671297234,1745
0.30000000000000004,24,49,2019,,,pop,Newaukum,redd_dens,24,903.615810824547,125.95475169016177,246.86677699440253,656.7490338301445,1150.4825878189495,766
0.30000000000000004,24,49,2020,,,pop,Newaukum,redd_dens,24,1025.1375467617293,163.25338262922938,319.97075030762636,705.166796454103,1345.1082970693556,782
0.30000000000000004,24,49,2021,,,pop,Newaukum,redd_dens,24,2284.83479477608,356.51080521907903,698.748338328769,1586.0864564473109,2983.583133104849,1745
0.30000000000000004,24,50,2019,,,pop,Newaukum,redd_dens,24,862.9380877700041,118.96511090579483,233.167332792171,629.7707549778331,1096.1054205621751,766
0.30000000000000004,24,50,2020,,,pop,Newaukum,redd_dens,24,1166.2092931835161,239.2990717188871,469.017562102886,697.1917310806301,1635.226855286402,782
0.30000000000000004,24,50,2021,,,pop,Newaukum,redd_dens,24,2299.95852486075,315.5976930199244,618.5601119229797,1681.3984129377704,2918.5186367837296,1745
0.4,32,1,2019,,,pop,Newaukum,redd_dens,32,775.497805101671,103.18551504814373,202.23989322057744,573.2579118810936,977.7376983222484,766
0.4,32,1,2020,,,pop,Newaukum,redd_dens,32,782.7274219768346,116.56176077373114,228.4568530910866,554.270568885748,1011.1842750679212,782
0.4,32,1,2021,,,pop,Newaukum,redd_dens,32,1813.9425835883915,233.26255601414783,457.1862087294866,1356.7563748589048,2271.128792317878,1745
0.4,32,2,2019,,,pop,Newaukum,redd_dens,32,792.1389464807801,98.27508246122717,192.61562220170916,599.523324279071,984.7545686824892,766
0.4,32,2,2020,,,pop,Newaukum,redd_dens,32,777.9880894543572,118.48434631632271,232.2250515117635,545.7630379425938,1010.2131409661207,782
0.4,32,2,2021,,,pop,Newaukum,redd_dens,32,1710.5132992118438,209.85814364104536,411.3144033988822,1299.1988958129616,2121.827702610726,1745
0.4,32,3,2019,,,pop,Newaukum,redd_dens,32,981.3060541783735,94.52640393176765,185.2683472943499,796.0377068840237,1166.5744014727234,766
0.4,32,3,2020,,,pop,Newaukum,redd_dens,32,1140.2082724116758,158.92311364448278,311.48357905415224,828.7246933575236,1451.691851465828,782
0.4,32,3,2021,,,pop,Newaukum,redd_dens,32,2242.466428870357,278.01747491645693,544.9042379090233,1697.5621909613337,2787.3706667793804,1745
0.4,32,4,2019,,,pop,Newaukum,redd_dens,32,814.4707292773434,77.23315269751834,151.37419769961843,663.0965315777249,965.8449269769618,766
0.4,32,4,2020,,,pop,Newaukum,redd_dens,32,838.5326755170751,101.63187741503043,199.19481941464932,639.3378561024258,1037.7274949317243,782
0.4,32,4,2021,,,pop,Newaukum,redd_dens,32,1838.79835462455,184.72718293442452,362.0586255170141,1476.7397291075358,2200.8569801415642,1745
0.4,32,5,2019,,,pop,Newaukum,redd_dens,32,865.4498523691207,125.96694647066465,246.89067832498753,618.5591740441331,1112.340530694108,766
0.4,32,5,2020,,,pop,Newaukum,redd_dens,32,726.9307022165534,95.45554706245518,187.08943436698027,539.8412678495731,914.0201365835337,782
0.4,32,5,2021,,,pop,Newaukum,redd_dens,32,1983.114805186755,304.20275005113973,596.2264340982738,1386.888371088481,2579.3412392850287,1745
0.4,32,6,2019,,,pop,Newaukum,redd_dens,32,736.126422831493,106.39209809337675,208.52468050267092,527.6017423288221,944.6511033341638,766
0.4,32,6,2020,,,pop,Newaukum,redd_dens,32,852.7201279154283,149.31668277939357,292.65532053860346,560.0648073768248,1145.3754484540318,782
0.4,32,6,2021,,,pop,Newaukum,redd_dens,32,1828.2505591277434,237.38337119329827,465.2628580675675,1362.9877010601758,2293.513417195311,1745
0.4,32,7,2019,,,pop,Newaukum,redd_dens,32,733.0485202687527,85.35413001419651,167.2910207595744,565.7574995091783,900.3395410283271,766
0.4,32,7,2020,,,pop,Newaukum,redd_dens,32,768.0894520993781,105.42750385598443,206.6341105376871,561.4553415616911,974.7235626370652,782
0.4,32,7,2021,,,pop,Newaukum,redd_dens,32,1790.9198207171903,239.52654901808472,469.4634094166138,1321.4564113005765,2260.3832301338043,1745
0.4,32,8,2019,,,pop,Newaukum,redd_dens,32,824.3799194894742,97.283118813613,190.6714091784124,633.7085103110618,1015.0513286678867,766
0.4,32,8,2020,,,pop,Newaukum,redd_dens,32,809.0234179782306,114.05151482571793,223.53686144064312,585.4865565375874,1032.5602794188737,782
0.4,32,8,2021,,,pop,Newaukum,redd_dens,32,1902.3872090913937,212.59171488111616,416.67210457859545,1485.7151045127982,2319.059313669989,1745
0.4,32,9,2019,,,pop,Newaukum,redd_dens,32,932.3398535644612,99.5977349903269,195.20797352280542,737.1318800416558,1127.5478270872666,766
0.4,32,9,2020,,,pop,Newaukum,redd_dens,32,1018.5266485319786,118.72808283135599,232.702766302946,785.8238822290326,1251.2294148349247,782
0.4,32,9,2021,,,pop,Newaukum,redd_dens,32,2281.6333816549577,245.98028622489562,482.1125019076493,1799.5208797473083,2763.745883562607,1745
0.4,32,10,2019,,,pop,Newaukum,redd_dens,32,773.7719359038259,120.99769821406863,237.15113071182088,536.620805192005,1010.9230666156468,766
0.4,32,10,2020,,,pop,Newaukum,redd_dens,32,724.171291878921,110.84203818251513,217.24640281074312,506.9248890681779,941.4176946896641,782
0.4,32,10,2021,,,pop,Newaukum,redd_dens,32,1736.1943663803952,232.27702060701938,455.2545948260258,1280.9397715543694,2191.448961206421,1745
0.4,32,11,2019,,,pop,Newaukum,redd_dens,32,635.5283164678112,86.59901828938263,169.73095694371534,465.7973595240959,805.2592734115266,766
0.4,32,11,2020,,,pop,Newaukum,redd_dens,32,778.1917203338202,124.55589437284816,244.1250670329575,534.0666533008626,1022.3167873667777,782
0.4,32,11,2021,,,pop,Newaukum,redd_dens,32,1895.3804665879375,230.06078513480094,450.91085311921756,1444.46961346872,2346.291319707155,1745
0.4,32,12,2019,,,pop,Newaukum,redd_dens,32,840.6017961197747,86.80985989830533,170.14419890364633,670.4575972161283,1010.7459950234211,766
0.4,32,12,2020,,,pop,Newaukum,redd_dens,32,875.2737754549614,124.11344612886612,243.2578844097297,632.0158910452317,1118.5316598646912,782
0.4,32,12,2021,,,pop,Newaukum,redd_dens,32,2451.245209635195,281.68968354026094,552.1016345553966,1899.1435750797982,3003.3468441905916,1745
0.4,32,13,2019,,,pop,Newaukum,redd_dens,32,815.1510366795453,90.46846265420098,177.3149285389408,637.8361081406046,992.4659652184861,766
0.4,32,13,2020,,,pop,Newaukum,redd_dens,32,775.6363742106585,125.91430510645921,246.7875031470478,528.8488710636107,1022.4238773577063,782
0.4,32,13,2021,,,pop,Newaukum,redd_dens,32,1998.5277062545895,276.1151938050494,541.1758354421937,1457.3518708123956,2539.7035416967833,1745
0.4,32,14,2019,,,pop,Newaukum,redd_dens,32,742.5424693581563,85.91318924543826,168.38675671803284,574.1557126401234,910.9292260761891,766
0.4,32,14,2020,,,pop,Newaukum,redd_dens,32,801.366785181731,122.89478358703401,240.86934971843075,560.4974354633002,1042.2361349001617,782
0.4,32,14,2021,,,pop,Newaukum,redd_dens,32,2049.337831374144,396.9783752498453,778.0633181309234,1271.2745132432206,2827.4011495050677,1745
0.4,32,15,2019,,,pop,Newaukum,redd_dens,32,838.0651437214294,111.08772594786213,217.72794198226535,620.3372017391641,1055.7930857036947,766
0.4,32,15,2020,,,pop,Newaukum,redd_dens,32,955.3235560969918,195.3817370270892,382.9411678099707,572.3823882870211,1338.2647239069624,782
0.4,32,15,2021,,,pop,Newaukum,redd_dens,32,1946.3842739280783,426.95742742682654,836.8211806884538,1109.5630932396245,2783.205454616532,1745
0.4,32,16,2019,,,pop,Newaukum,redd_dens,32,793.4039927221783,89.12370084641883,174.67924382790278,618.7247488942755,968.083236550081,766
0.4,32,16,2020,,,pop,Newaukum,redd_dens,32,726.8395720313863,101.84655077230757,199.6155714633528,527.2240005680335,926.4551434947391,782
0.4,32,16,2021,,,pop,Newaukum,redd_dens,32,1745.0935834202999,211.4943357660394,414.52128103565855,1330.5723023846413,2159.6148644559585,1745
0.4,32,17,2019,,,pop,Newaukum,redd_dens,32,738.2898487340788,75.21636596656721,147.42136834245596,590.8684803916228,885.7112170765347,766
0.4,32,17,2020,,,pop,Newaukum,redd_dens,32,727.5428105150805,119.38978639230932,233.99968145085646,493.5431290642241,961.542491965937,782
0.4,32,17,2021,,,pop,Newaukum,redd_dens,32,1745.711585840393,218.46213182623347,428.17791036525904,1317.5336754751338,2173.889496205652,1745
0.4,32,18,2019,,,pop,Newaukum,redd_dens,32,723.8729596885249,83.20934679203154,163.08732288948525,560.7856367990397,886.9602825780102,766
0.4,32,18,2020,,,pop,Newaukum,redd_dens,32,746.7655893210997,144.0017880438098,282.2383182752377,464.527271045862,1029.0039075963373,782
0.4,32,18,2021,,,pop,Newaukum,redd_dens,32,1394.9290730878404,225.600975996031,442.1697878293059,952.7592852585344,1837.0988609171463,1745
0.4,32,19,2019,,,pop,Newaukum,redd_dens,32,835.3795255414867,113.64540220369197,222.7408953278051,612.6386302136816,1058.1204208692918,766
0.4,32,19,2020,,,pop,Newaukum,redd_dens,32,941.3205636415255,170.34292843850014,333.86600476054394,607.4545588809815,1275.1865684020695,782
0.4,32,19,2021,,,pop,Newaukum,redd_dens,32,1631.2786539045878,252.3133776729917,494.5251330567162,1136.7535208478716,2125.803786961304,1745
0.4,32,20,2019,,,pop,Newaukum,redd_dens,32,671.768689973402,76.62535409928276,150.18293433722278,521.5857556361793,821.9516243106248,766
0.4,32,20,2020,,,pop,Newaukum,redd_dens,32,836.4662521556262,149.39972788253618,292.81808594985534,543.6481662057708,1129.2843381054815,782
0.4,32,20,2021,,,pop,Newaukum,redd_dens,32,1601.294929023533,234.28061183008043,459.18156146296604,1142.113367560567,2060.476490486499,1745
0.4,32,21,2019,,,pop,Newaukum,redd_dens,32,783.6177005629214,102.57069294626915,201.03486404400405,582.5828365189174,984.6525646069255,766
0.4,32,21,2020,,,pop,Newaukum,redd_dens,32,738.3453978875688,103.31689621477423,202.4973955754201,535.8480023121487,940.8427934629889,782
0.4,32,21,2021,,,pop,Newaukum,redd_dens,32,1763.1207617897599,191.21100749297844,374.76668813385606,1388.354073655904,2137.887449923616,1745
0.4,32,22,2019,,,pop,Newaukum,redd_dens,32,750.905421744314,94.40015252012354,185.02089907453012,565.8845226697839,935.9263208188441,766
0.4,32,22,2020,,,pop,Newaukum,redd_dens,32,809.0323898035709,114.61376476851342,224.63885107883198,584.393538724739,1033.6712408824028,782
0.4,32,22,2021,,,pop,Newaukum,redd_dens,32,2030.3993635492504,265.03853976662776,519.4659924576772,1510.9333710915732,2549.865356006928,1745
0.4,32,23,2019,,,pop,Newaukum,redd_dens,32,615.5337633106781,65.17178808199799,127.73435744879275,487.7994058618853,743.2681207594708,766
0.4,32,23,2020,,,pop,Newaukum,redd_dens,32,859.2144416263035,131.82646218698432,258.3751180958205,600.83932353048294,1117.589559722124,782
0.4,32,23,2021,,,pop,Newaukum,redd_dens,32,1972.1289717771397,263.1182460363689,515.7022859066317,1456.426685870508,2487.8312576837716,1745
0.4,32,24,2019,,,pop,Newaukum,redd_dens,32,792.8888336096883,97.07465829473263,190.26283406920834,602.6259995404799,983.1516676788966,766
0.4,32,24,2020,,,pop,Newaukum,redd_dens,32,897.9393067325974,143.6813384589635,281.61024863007816,616.3290581025192,1179.5495553626756,782
0.4,32,24,2021,,,pop,Newaukum,redd_dens,32,1854.6366275901569,265.00490727313917,519.4000739817293,1335.2365536084276,2374.036701571886,1745
0.4,32,25,2019,,,pop,Newaukum,redd_dens,32,898.9438635047688,115.55449741104749,226.48265317727996,672.4612103274889,1125.4265166820487,766
0.4,32,25,2020,,,pop,Newaukum,redd_dens,32,852.8053799571409,122.93412935608369,240.94646600871215,611.8589139484287,1093.7518459658531,782
0.4,32,25,2021,,,pop,Newaukum,redd_dens,32,2032.89789167796,257.30335288706493,504.3053047600473,1528.5925869179127,2537.203196438007,1745
0.4,32,26,2019,,,pop,Newaukum,redd_dens,32,793.6360286109159,87.98078668066188,172.43917322559852,621.1968553853173,966.0752018365145,766
0.4,32,26,2020,,,pop,Newaukum,redd_dens,32,1043.088394545161,204.3699141092132,400.557671177602,642.530723367559,1443.646065722763,782
0.4,32,26,2021,,,pop,Newaukum,redd_dens,32,1816.9883281249158,278.85330870325896,546.542442028217,1270.4458860966988,2363.530770153133,1745
0.4,32,27,2019,,,pop,Newaukum,redd_dens,32,832.2752707701153,93.05590484367991,182.38622204239894,649.8890487277164,1014.6614928125142,766
0.4,32,27,2020,,,pop,Newaukum,redd_dens,32,738.6912220578981,98.80209543476923,193.64854864923694,545.0426734086611,932.3397707071351,782
0.4,32,27,2021,,,pop,Newaukum,redd_dens,32,1793.8007590840793,220.4134185008516,432.0023619710235,1361.798397113056,2225.803121055103,1745
0.4,32,28,2019,,,pop,Newaukum,redd_dens,32,832.8032338906565,86.40130825825021,169.34345240331353,663.459781487343,1002.1466862939701,766
0.4,32,28,2020,,,pop,Newaukum,redd_dens,32,939.314890651251,158.6040555327797,310.8582366462389,628.4566540050121,1250.1731272974898,782
0.4,32,28,2021,,,pop,Newaukum,redd_dens,32,2168.5522011833505,238.7495336304171,467.94048724135183,1700.6117139419987,2636.4926884247025,1745
0.4,32,29,2019,,,pop,Newaukum,redd_dens,32,730.5965186937872,71.05134435902583,139.25807599684373,591.3384426969435,869.8545946906308,766
0.4,32,29,2020,,,pop,Newaukum,redd_dens,32,804.805755376478,140.77775785093024,275.91933521212405,528.8864201643539,1080.7250905886021,782
0.4,32,29,2021,,,pop,Newaukum,redd_dens,32,1823.969229731856,259.2478669336312,508.11648225874944,1315.8527474731068,2332.0857119906054,1745
0.4,32,30,2019,,,pop,Newaukum,redd_dens,32,719.8234517632922,64.9385482899759,127.27721585666785,592.5462359066244,847.10066761996,766
0.4,32,30,2020,,,pop,Newaukum,redd_dens,32,936.1836600896953,177.75317220626363,348.3898156620228,587.7938444276725,1284.573475751718,782
0.4,32,30,2021,,,pop,Newaukum,redd_dens,32,1787.3692755133027,252.41853686905097,494.73124129363555,1292.6380342196671,2282.1005168069382,1745
0.4,32,31,2019,,,pop,Newaukum,redd_dens,32,855.8299324125526,91.53626463445376,179.40778196285677,676.4221504496958,1035.2377143754093,766
0.4,32,31,2020,,,pop,Newaukum,redd_dens,32,1073.5209398748036,173.03951446230224,339.1512162484101,734.3697236263936,1412.6721561232137,782
0.4,32,31,2021,,,pop,Newaukum,redd_dens,32,2176.1709839091977,274.3148253235101,537.6471780594757,1638.523805849722,2713.8181619686734,1745
0.4,32,32,2019,,,pop,Newaukum,redd_dens,32,860.7659586104527,100.82781523169972,197.6188864939905,663.1470721164621,1058.3848451044432,766
0.4,32,32,2020,,,pop,Newaukum,redd_dens,32,924.9183816640543,99.0897285022319,194.21229910222655,730.7060825618278,1119.1306807662809,782
0.4,32,32,2021,,,pop,Newaukum,redd_dens,32,1978.7023252747183,231.4980724383822,453.72788446967354,1524.9744408050447,2432.430209744392,1745
0.4,32,33,2019,,,pop,Newaukum,redd_dens,32,685.5877793242408,93.65657378427808,183.5635115326032,502.0242677916376,869.1512908568441,766
0.4,32,33,2020,,,pop,Newaukum,redd_dens,32,723.335852447047,128.1132575042335,251.0973706504034,472.23848179664367,974.4332230974504,782
0.4,32,33,2021,,,pop,Newaukum,redd_dens,32,1760.7262641719913,290.7834547956058,569.9250986995181,1190.8011654724733,2330.6513628715093,1745
0.4,32,34,2019,,,pop,Newaukum,redd_dens,32,762.5091231335705,84.57299073520495,165.76001590584133,596.7491072277292,928.2691390394118,766
0.4,32,34,2020,,,pop,Newaukum,redd_dens,32,908.0823854543095,177.02115542766367,346.95508913988783,561.1272963144216,1255.0374745941972,782
0.4,32,34,2021,,,pop,Newaukum,redd_dens,32,1959.8266160954552,244.29194098813983,478.80340605013816,1481.023210045317,2438.630022145593,1745
0.4,32,35,2019,,,pop,Newaukum,redd_dens,32,827.8674844531757,93.83044463833663,183.90429214451916,643.9631923086565,1011.771776597695,766
0.4,32,35,2020,,,pop,Newaukum,redd_dens,32,951.3549905355568,151.20929644469038,296.36477515923355,654.9902153763232,1247.7197656947903,782
0.4,32,35,2021,,,pop,Newaukum,redd_dens,32,2082.725836764364,256.0988910541897,501.94460294685877,1580.7812338175052,2584.6704397112226,1745
0.4,32,36,2019,,,pop,Newaukum,redd_dens,32,911.8808699744359,100.00367740038469,196.00360602631608,715.8772639481198,1107.8844760007519,766
0.4,32,36,2020,,,pop,Newaukum,redd_dens,32,994.3230266039772,172.12988528526878,337.36837582213775,656.9546507818394,1331.691402426115,782
0.4,32,36,2021,,,pop,Newaukum,redd_dens,32,2630.377520109997,440.5830054795634,863.5268229403573,1766.8506971696397,3493.9043430503543,1745
0.4,32,37,2019,,,pop,Newaukum,redd_dens,32,947.2905250729098,100.46022717492924,196.8984271415733,750.3920979313365,1144.1889522144832,766
0.4,32,37,2020,,,pop,Newaukum,redd_dens,32,1042.4843456409458,158.59448869067944,310.83948598027655,731.6448596606692,1353.3238316212223,782
0.4,32,37,2021,,,pop,Newaukum,redd_dens,32,2087.698093844084,226.9241235500111,444.7631093813392,1642.9349844627445,2532.461203225423,1745
0.4,32,38,2019,,,pop,Newaukum,redd_dens,32,691.1709559972749,74.76457158523677,146.53586762663073,544.6350883706441,837.7068236239056,766
0.4,32,38,2020,,,pop,Newaukum,redd_dens,32,658.2476061534347,104.08812007142662,204.00896655847683,454.23863959495793,862.2565727119115,782
0.4,32,38,2021,,,pop,Newaukum,redd_dens,32,1885.2995164832364,381.5893179803041,747.9013201265983,1137.398196356638,2633.200836609835,1745
0.4,32,39,2019,,,pop,Newaukum,redd_dens,32,615.1667729112844,90.99285254955079,178.34271384768314,436.8240590636012,793.5094867589676,766
0.4,32,39,2020,,,pop,Newaukum,redd_dens,32,616.9545747617126,88.86722665937403,174.1765636583308,442.7780111033818,791.1311384200434,782
0.4,32,39,2021,,,pop,Newaukum,redd_dens,32,1433.2569128849989,203.05107387971552,397.97279182642404,1035.2841210585748,1831.229704711423,1745
0.4,32,40,2019,,,pop,Newaukum,redd_dens,32,861.3826217094704,121.43942930403915,238.01690773901473,623.3657139704557,1099.399529448485,766
0.4,32,40,2020,,,pop,Newaukum,redd_dens,32,661.9701596310668,110.09625400265044,215.7846926779686,446.1854669530983,877.7548523090354,782
0.4,32,40,2021,,,pop,Newaukum,redd_dens,32,1813.8896992387686,259.6005602974488,508.8077485494182,1305.0819506893504,2322.6974477881868,1745
0.4,32,41,2019,,,pop,Newaukum,redd_dens,32,715.1048110537794,98.22746675636286,192.5222971350766,522.5825139187027,907.627108188856,766
0.4,32,41,2020,,,pop,Newaukum,redd_dens,32,855.7898681219885,164.61632066617202,322.6420597731937,533.1478083487948,1178.4319278951823,782
0.4,32,41,2021,,,pop,Newaukum,redd_dens,32,1652.5038468393343,260.09523166753706,509.7772866189743,1142.72656022036,2162.2811334583084,1745
0.4,32,42,2019,,,pop,Newaukum,redd_dens,32,776.8597490087631,110.40625895128603,216.39229121232353,560.4674577964395,993.2520402210866,766
0.4,32,42,2020,,,pop,Newaukum,redd_dens,32,857.629631003312,143.00444699894527,280.28356574699967,577.3460652563124,1137.9131967503117,782
0.4,32,42,2021,,,pop,Newaukum,redd_dens,32,1814.4119954347564,258.94497211977864,507.5228193324944,1306.889176102262,2321.934814767251,1745
0.4,32,43,2019,,,pop,Newaukum,redd_dens,32,587.6578031234849,67.77819919541633,132.84282935999767,454.8149737634872,720.5006324834826,766
0.4,32,43,2020,,,pop,Newaukum,redd_dens,32,600.0311352120116,116.8263489928517,228.97543647129652,371.05569874071506,829.006571683308,782
0.4,32,43,2021,,,pop,Newaukum,redd_dens,32,1501.9488223463547,214.7443462638848,420.89118456081263,1081.057637785542,1922.8400069071674,1745
0.4,32,44,2019,,,pop,Newaukum,redd_dens,32,731.9887251642334,78.9536444455526,154.74629956146393,577.2424256027695,886.7350247256974,766
0.4,32,44,2020,,,pop,Newaukum,redd_dens,32,712.5907415598917,69.96222322271163,137.12343779486656,575.4673037650252,849.7141793547582,782
0.4,32,44,2021,,,pop,Newaukum,redd_dens,32,2155.781486338441,368.8688733687278,722.9697068205722,1432.8117795178687,2878.7511931590134,1745
0.4,32,45,2019,,,pop,Newaukum,redd_dens,32,923.1592291014484,127.67898794460154,250.2462179539427,672.9130111475057,1173.405447055391,766
0.4,32,45,2020,,,pop,Newaukum,redd_dens,32,1032.7497942717966,160.02351754478016,313.6403310671825,719.1094632046141,1346.390125338979,782
0.4,32,45,2021,,,pop,Newaukum,redd_dens,32,2273.6661969519337,310.5668155138908,608.6997732005211,1664.9664237514125,2882.365970152455,1745
0.4,32,46,2019,,,pop,Newaukum,redd_dens,32,854.7500742869322,94.0443330160152,184.32350566148088,670.4265686254513,1039.073579948413,766
0.4,32,46,2020,,,pop,Newaukum,redd_dens,32,1004.0575907083986,145.59649871634065,285.3638937591598,718.6936969492388,1289.4214844675585,782
0.4,32,46,2021,,,pop,Newaukum,redd_dens,32,2295.050352929662,418.52719485947745,820.2982284751529,1474.7521244545092,3115.348581404815,1745
0.4,32,47,2019,,,pop,Newaukum,redd_dens,32,785.9797308604408,109.24809713163795,214.1223357575439,571.8573951028968,1000.1020666179847,766
0.4,32,47,2020,,,pop,Newaukum,redd_dens,32,954.628431715456,169.3782220514577,331.975214986285,622.653216729171,1286.6036467017411,782
0.4,32,47,2021,,,pop,Newaukum,redd_dens,32,2247.425298349773,321.8418050112229,630.7983465413595,1616.6269518084137,2878.2236448911326,1745
0.4,32,48,2019,,,pop,Newaukum,redd_dens,32,750.6304365110661,65.39713677078645,128.17603276278146,622.4544037482847,878.8064692738476,766
0.4,32,48,2020,,,pop,Newaukum,redd_dens,32,917.66180688854,156.85369348438232,307.42759007147424,610.2342168170658,1225.0893969600143,782
0.4,32,48,2021,,,pop,Newaukum,redd_dens,32,1648.2643859473571,222.8334897024422,436.7456143661636,1211.5187715811935,2085.010000313521,1745
0.4,32,49,2019,,,pop,Newaukum,redd_dens,32,628.6132455914227,88.86048180725712,174.1633439911006,454.4499016003221,802.7765895825232,766
0.4,32,49,2020,,,pop,Newaukum,redd_dens,32,781.9549999371163,128.86824177013807,252.57711262047079,529.3778873166456,1034.5321125575872,782
0.4,32,49,2021,,,pop,Newaukum,redd_dens,32,1521.6366477515335,262.01551729260115,513.5409772841299,1008.0956704674036,2035.1776250356634,1745
0.4,32,50,2019,,,pop,Newaukum,redd_dens,32,828.0925506729766,87.97726863518935,172.4322779831764,655.6602726898002,1000.524828656153,766
0.4,32,50,2020,,,pop,Newaukum,redd_dens,32,866.5851965154612,187.40764971870524,367.3122438759602,499.27295263950106,1233.8974403914215,782
0.4,32,50,2021,,,pop,Newaukum,redd_dens,32,1919.3324245302624,289.7289456073245,567.8582986691201,1351.4741258611423,2487.190723199383,1745
0.5,40,1,2019,,,pop,Newaukum,redd_dens,40,768.6152636088743,72.41506628659991,141.93092185981646,626.6843417490579,910.5461854686907,766
0.5,40,1,2020,,,pop,Newaukum,redd_dens,40,846.5881039317038,96.45965113791446,189.05744219161033,657.5306617400935,1035.645546123314,782
0.5,40,1,2021,,,pop,Newaukum,redd_dens,40,1817.4844850970246,203.3647128548571,398.58751292184957,1418.896972175175,2216.071998018874,1745
0.5,40,2,2019,,,pop,Newaukum,redd_dens,40,959.370790593479,80.72274070812259,158.21366452128552,801.1571260721935,1117.5844551147645,766
0.5,40,2,2020,,,pop,Newaukum,redd_dens,40,898.122781026705,106.20485263889384,208.1576861556156,689.9650948710894,1106.2804671823205,782
0.5,40,2,2021,,,pop,Newaukum,redd_dens,40,2037.7589702749856,171.53436588159778,336.20117923884783,1701.5577910361378,2373.9601495138336,1745
0.5,40,3,2019,,,pop,Newaukum,redd_dens,40,774.2553781661645,56.016285544780374,109.78990221548115,664.4654759506834,884.0452803816456,766
0.5,40,3,2020,,,pop,Newaukum,redd_dens,40,819.0340854447832,113.63011413471676,222.71093126322054,596.3231541815626,1041.7450167080037,782
0.5,40,3,2021,,,pop,Newaukum,redd_dens,40,1940.22314793571,208.32146667646404,408.3025718924305,1531.9205760432794,2348.5257198281406,1745
0.5,40,4,2019,,,pop,Newaukum,redd_dens,40,687.9030469131811,70.47668498641171,138.13176432314168,549.7712825900394,826.0348112363229,766
0.5,40,4,2020,,,pop,Newaukum,redd_dens,40,687.3997824695222,59.233374697705095,116.09528109026807,571.3045013792541,803.4950635597902,782
0.5,40,4,2021,,,pop,Newaukum,redd_dens,40,1686.4214410599413,164.129600335474,321.6881054544822,1364.7333356054592,2008.1095465144235,1745
0.5,40,5,2019,,,pop,Newaukum,redd_dens,40,782.8189436808408,82.50300343596373,161.7029153508732,621.1160283299675,944.521859031714,766
0.5,40,5,2020,,,pop,Newaukum,redd_dens,40,791.4564237639547,124.87076596082245,244.74220400514207,546.7142197588126,1036.1986277690967,782
0.5,40,5,2021,,,pop,Newaukum,redd_dens,40,1643.1572266339356,197.92507218560465,387.92601312127545,1255.2312135126601,2031.083239755211,1745
0.5,40,6,2019,,,pop,Newaukum,redd_dens,40,737.0835887316854,75.71697375186575,148.40254157202145,588.6810471596639,885.4861303037069,766
0.5,40,6,2020,,,pop,Newaukum,redd_dens,40,824.8579694175385,122.25946893910051,239.62415588963037,585.2338135279081,1064.4821253071689,782
0.5,40,6,2021,,,pop,Newaukum,redd_dens,40,1796.8707878420505,216.4702932233435,424.2739784405781,1372.5968094014725,2221.1447662826286,1745
0.5,40,7,2019,,,pop,Newaukum,redd_dens,40,722.2317946849927,67.30278703360447,131.91103864503407,590.3207560399586,854.1428333300267,766
0.5,40,7,2020,,,pop,Newaukum,redd_dens,40,760.108522731398,102.03257152275935,199.98016543461543,560.1283572967826,960.0886881660134,782
0.5,40,7,2021,,,pop,Newaukum,redd_dens,40,1679.0091203223633,164.76289978167355,322.9293495604624,1356.0797707619008,2001.9384698828258,1745
0.5,40,8,2019,,,pop,Newaukum,redd_dens,40,651.6533768212049,74.48030686094872,145.97871900495093,505.674657816254,797.6320958261558,766
0.5,40,8,2020,,,pop,Newaukum,redd_dens,40,805.5290840001968,113.71600327013033,222.8792708752944,582.6498131249024,1028.4083548754911,782
0.5,40,8,2021,,,pop,Newaukum,redd_dens,40,1524.4847353035714,211.80319688821677,415.12663771135084,1109.3580975922205,1939.6113730149223,1745
0.5,40,9,2019,,,pop,Newaukum,redd_dens,40,668.493966842725,69.95643761083292,137.11209820395575,531.3818686387692,805.6060650466807,766
0.5,40,9,2020,,,pop,Newaukum,redd_dens,40,791.595718705029,123.10902619370235,241.28925751145468,550.3064611935743,1032.8849762164837,782
0.5,40,9,2021,,,pop,Newaukum,redd_dens,40,1864.165204946844,225.24649664417316,441.47502106640144,1422.6901838804424,2305.6402260132454,1745
0.5,40,10,2019,,,pop,Newaukum,redd_dens,40,939.3004486421008,75.2688506797792,147.52423649009037,791.7762121520104,1086.8246851321912,766
0.5,40,10,2020,,,pop,Newaukum,redd_dens,40,936.6156450865366,113.18500479440651,221.83853298703005,714.7771120995066,1158.4541780735667,782
0.5,40,10,2021,,,pop,Newaukum,redd_dens,40,2755.033566627579,417.51924693317574,818.3226868413096,1936.7108797862695,3573.356253468889,1745
0.5,40,11,2019,,,pop,Newaukum,redd_dens,40,723.0209345766732,83.43699065163,163.53349665559995,559.4874379210733,886.5544312322731,766
0.5,40,11,2020,,,pop,Newaukum,redd_dens,40,607.0606731085564,95.34364369040688,186.870107788017,420.19056532053946,793.9307808965734,782
0.5,40,11,2021,,,pop,Newaukum,redd_dens,40,1368.9183099970787,177.4942916566938,347.882419108568,1021.0358908885107,1716.8007291056467,1745
0.5,40,12,2019,,,pop,Newaukum,redd_dens,40,806.603827200423,107.26283714100266,210.23129767595043,596.3725295244726,1016.8351248763734,766
0.5,40,12,2020,,,pop,Newaukum,redd_dens,40,917.930741326101,129.99876310991374,254.79289373018506,663.137847595916,1172.7236350562862,782
0.5,40,12,2021,,,pop,Newaukum,redd_dens,40,2286.948214926311,355.4360188336859,696.6417957223246,1590.3064192039863,2983.590010648635,1745
0.5,40,13,2019,,,pop,Newaukum,redd_dens,40,925.9202812630859,81.93177912916596,160.58333628245572,765.3369449806303,1086.5036175455416,766
0.5,40,13,2020,,,pop,Newaukum,redd_dens,40,1105.844894987548,111.34939594306127,218.24080574869043,887.6040892388576,1324.0857007362386,782
0.5,40,13,2021,,,pop,Newaukum,redd_dens,40,2416.407227986054,338.12931647165396,662.7212824015877,1753.685945584466,3079.1285103876417,1745
0.5,40,14,2019,,,pop,Newaukum,redd_dens,40,854.9689736585832,82.31773046840388,161.33978700714704,693.6291866514362,1016.3087606657302,766
0.5,40,14,2020,,,pop,Newaukum,redd_dens,40,876.7064523117646,105.4474118916997,206.67312957069197,670.0333227410727,1083.3795818824565,782
0.5,40,14,2021,,,pop,Newaukum,redd_dens,40,2105.1158744757213,192.83670220433228,377.9529912179668,1727.1628832577544,2483.068865693688,1745
0.5,40,15,2019,,,pop,Newaukum,redd_dens,40,835.6809348276075,85.74810955314774,168.06320646656448,667.6177283610431,1003.744141294172,766
0.5,40,15,2020,,,pop,Newaukum,redd_dens,40,870.8292983028471,117.58685258631898,230.46599612460565,640.3633021782414,1101.2952944274527,782
0.5,40,15,2021,,,pop,Newaukum,redd_dens,40,1612.2582605554326,178.78441251111494,350.4110095189374,1261.8472510364952,1962.66927007437,1745
0.5,40,16,2019,,,pop,Newaukum,redd_dens,40,754.8864931418289,91.35316044026568,179.04890433682993,575.8375888049989,933.9353974786588,766
0.5,40,16,2020,,,pop,Newaukum,redd_dens,40,759.1454138217779,113.88947120610541,223.21926178227807,535.9261520394998,982.364675604056,782
0.5,40,16,2021,,,pop,Newaukum,redd_dens,40,1587.2182034340924,206.42462885730663,404.58483808236844,1182.633365351724,1991.8030415164608,1745
0.5,40,17,2019,,,pop,Newaukum,redd_dens,40,858.3329131281672,93.90585857268026,184.05210073976514,674.2808123884021,1042.3850138679322,766
0.5,40,17,2020,,,pop,Newaukum,redd_dens,40,910.0158816256268,127.25386517117987,249.41299262902845,660.6028889965983,1159.4288742546553,782
0.5,40,17,2021,,,pop,Newaukum,redd_dens,40,2271.483914708019,361.9883390436827,709.4841073490921,1561.9998073589268,2980.968022057111,1745
0.5,40,18,2019,,,pop,Newaukum,redd_dens,40,772.628382621625,65.66417605922783,128.69942015058376,643.9289624710411,901.3278027722088,766
0.5,40,18,2020,,,pop,Newaukum,redd_dens,40,877.805502375526,143.07921918859273,280.4301165457539,597.3753858297721,1158.2356189212799,782
0.5,40,18,2021,,,pop,Newaukum,redd_dens,40,1843.633499329421,233.3972186909685,457.4501427261169,1386.1833566033042,2301.083642055538,1745
0.5,40,19,2019,,,pop,Newaukum,redd_dens,40,641.8032722877842,62.93467264965908,123.34969177214974,518.4535805156345,765.152964059934,766
0.5,40,19,2020,,,pop,Newaukum,redd_dens,40,817.3437006413268,115.58920049107519,226.55066996428684,590.79303067704,1043.8943706056136,782
0.5,40,19,2021,,,pop,Newaukum,redd_dens,40,1701.2346934693564,190.8252039342292,374.0105270536002,1327.2241664157564,2075.2452205229565,1745
0.5,40,20,2019,,,pop,Newaukum,redd_dens,40,709.142272543238,58.966375874256414,115.57197301239408,593.570299530844,824.7142455556321,766
0.5,40,20,2020,,,pop,Newaukum,redd_dens,40,761.5557510954264,96.12500323387573,188.40154435219262,573.1542067432338,949.9572954476191,782
0.5,40,20,2021,,,pop,Newaukum,redd_dens,40,1885.6695746616422,202.47258517079135,396.8389747914696,1488.8305998701726,2282.5085494531118,1745
0.5,40,21,2019,,,pop,Newaukum,redd_dens,40,674.4510041610866,81.257000710589935,159.26079488450182,515.1902092765848,833.7117990455885,766
0.5,40,21,2020,,,pop,Newaukum,redd_dens,40,746.12934150498,99.67136589512312,195.3522874443551,550.7770540606248,941.4816289493351,782
0.5,40,21,2021,,,pop,Newaukum,redd_dens,40,1800.0299902086692,240.10467367863274,470.59651292986234,1329.433477278807,2270.6265031385315,1745
0.5,40,22,2019,,,pop,Newaukum,redd_dens,40,760.6137850326477,88.94689170625583,174.3327042810458,586.2810807516018,934.9464893136935,766
0.5,40,22,2020,,,pop,Newaukum,redd_dens,40,722.8574738671496,83.86223777950909,164.36696571077204,558.4905081563775,887.2244395779217,782
0.5,40,22,2021,,,pop,Newaukum,redd_dens,40,1901.1040757288463,192.36481814588217,377.02811545852603,1524.0759602703201,2278.1321911873724,1745
0.5,40,23,2019,,,pop,Newaukum,redd_dens,40,916.766536152667,90.54054022345278,177.4561979787675,739.3103381738995,1094.2227341314344,766
0.5,40,23,2020,,,pop,Newaukum,redd_dens,40,979.3670864348128,96.60620868955273,189.3446897144837,790.0223967203291,1168.7117761492964,782
0.5,40,23,2021,,,pop,Newaukum,redd_dens,40,2386.537321119239,324.87869955720276,636.7505504763261,1749.7867706429129,3023.2878715955653,1745
0.5,40,24,2019,,,pop,Newaukum,redd_dens,40,785.6800733295499,89.86055297759033,176.12344746693051,609.5566258626194,961.8035207964805,766
0.5,40,24,2020,,,pop,Newaukum,redd_dens,40,723.8052171243373,104.2535944458688,204.33329037274783,519.4719267515895,928.1385074970851,782
0.5,40,24,2021,,,pop,Newaukum,redd_dens,40,2112.660511729676,390.9315745752669,766.2118065870573,1346.4487051426186,2878.872318316733,1745
0.5,40,25,2019,,,pop,Newaukum,redd_dens,40,770.5491541378049,61.8766846212716,121.27607334043574,649.2730807973692,891.8252274782405,766
0.5,40,25,2020,,,pop,Newaukum,redd_dens,40,935.5903554278539,119.62739564535178,234.46538702921313,701.1249683986407,1170.055742457067,782
0.5,40,25,2021,,,pop,Newaukum,redd_dens,40,1867.935172555509,178.85580068955065,350.55092777759336,1517.3842447779157,2218.4861003331025,1745
0.5,40,26,2019,,,pop,Newaukum,redd_dens,40,865.2183756603264,96.07222272570195,188.29809645708627,676.9202792032402,1053.5164721174126,766
0.5,40,26,2020,,,pop,Newaukum,redd_dens,40,863.6584184395318,123.20891992057953,241.48504561841546,622.1733728211163,1105.1434640579473,782
0.5,40,26,2021,,,pop,Newaukum,redd_dens,40,2393.507639058854,363.3636659665661,712.179698584912,1681.327940473942,3105.6873376437657,1745
0.5,40,27,2019,,,pop,Newaukum,redd_dens,40,698.5456050215741,94.66560086387985,185.5411682680483,513.0044367535259,884.0867732896224,766
0.5,40,27,2020,,,pop,Newaukum,redd_dens,40,782.1283778515337,148.37722436956065,290.8140158903576,491.31436196117613,1072.9423937418915,782
0.5,40,27,2021,,,pop,Newaukum,redd_dens,40,1673.0329708068132,240.84032177375903,472.0383567016054,1200.9946141052078,2145.0713275084186,1745
0.5,40,28,2019,,,pop,Newaukum,redd_dens,40,838.0735486044362,89.57332057756291,175.56048230768377,662.5130662967524,1013.6340309121199,766
0.5,40,28,2020,,,pop,Newaukum,redd_dens,40,1066.1613966998295,132.99734541386843,260.67000705061537,805.4913896492142,1326.831403750445,782
0.5,40,28,2021,,,pop,Newaukum,redd_dens,40,1966.5641936929449,234.8574925512783,460.3122268998894,1506.2519667930555,2426.876420592834,1745
0.5,40,29,2019,,,pop,Newaukum,redd_dens,40,828.9066422341979,71.68720919384029,140.50434817211558,688.4022940620823,969.4109904063134,766
0.5,40,29,2020,,,pop,Newaukum,redd_dens,40,865.618194692888,111.17170526303134,217.89253841544337,647.7256562774446,1083.5107331083314,782
0.5,40,29,2021,,,pop,Newaukum,redd_dens,40,1953.0706798787573,195.87899362533494,383.9157728336072,1569.1549070451501,2336.9864527123646,1745
0.5,40,30,2019,,,pop,Newaukum,redd_dens,40,862.1047783504129,85.69338011510477,167.95593873910616,694.1488396113067,1030.0607170895191,766
0.5,40,30,2020,,,pop,Newaukum,redd_dens,40,942.751998756718,120.080218079886,235.35290269229193,707.399096064426,1178.10490144901,782
0.5,40,30,2021,,,pop,Newaukum,redd_dens,40,1969.4361427488682,198.23533084610418,388.5341089217461,1580.902033827122,2357.9702516706143,1745
0.5,40,31,2019,,,pop,Newaukum,redd_dens,40,828.2521238878891,91.35620118162863,179.0548640803876,649.1972598075015,1007.3069879682766,766
0.5,40,31,2020,,,pop,Newaukum,redd_dens,40,978.6431995381027,145.08079678269615,284.35313654245897,694.2900629956438,1262.9963360805618,782
0.5,40,31,2021,,,pop,Newaukum,redd_dens,40,2110.485765628577,227.77163220966403,446.4241958308447,1664.0615697977323,2556.909961459422,1745
0.5,40,32,2019,,,pop,Newaukum,redd_dens,40,1075.0717419750843,104.39306745873236,204.60665245477568,870.4650895203085,1279.67839442986,766
0.5,40,32,2020,,,pop,Newaukum,redd_dens,40,1152.0104562422316,117.95508836364061,231.18772498597517,920.8227312562565,1383.1981812282067,782
0.5,40,32,2021,,,pop,Newaukum,redd_dens,40,2461.178512839225,248.09405635511064,486.25541523446725,1974.9230976047575,2947.433928073692,1745
0.5,40,33,2019,,,pop,Newaukum,redd_dens,40,710.3956689243855,84.81130764346456,166.2271084629371,544.1685604614484,876.6227773873227,766
0.5,40,33,2020,,,pop,Newaukum,redd_dens,40,698.4366376151021,97.7310574709496,191.54935281407535,506.88728480102674,889.9859904291775,782
0.5,40,33,2021,,,pop,Newaukum,redd_dens,40,1625.7998636793598,204.19933332017123,400.22333897462534,1225.5765247047343,2026.0232026539852,1745
0.5,40,34,2019,,,pop,Newaukum,redd_dens,40,837.4957731511074,86.4138113133795,169.36795794106365,668.1278152100438,1006.8637310921711,766
0.5,40,34,2020,,,pop,Newaukum,redd_dens,40,1038.5123173483655,146.8362270348077,287.79371661396965,750.7186007343959,1326.3060339623353,782
0.5,40,34,2021,,,pop,Newaukum,redd_dens,40,2221.0775008811556,338.0678417881172,662.6007942358947,1558.476706645261,2883.6782951170503,1745
0.5,40,35,2019,,,pop,Newaukum,redd_dens,40,682.192271194734,74.55203456657495,146.11930272467205,536.0729684700619,828.311573919406,766
0.5,40,35,2020,,,pop,Newaukum,redd_dens,40,876.4977553112118,127.41633791735482,249.73143336000066,626.7663219512111,1126.2291886712123,782
0.5,40,35,2021,,,pop,Newaukum,redd_dens,40,1793.58632245411,215.13710769015535,421.66098281081946,1371.9253396432905,2215.2473052649293,1745
0.5,40,36,2019,,,pop,Newaukum,redd_dens,40,881.9092927387686,91.00058746981482,178.3578740128239,703.5514187259447,1060.2671667515924,766
0.5,40,36,2020,,,pop,Newaukum,redd_dens,40,848.6603048415542,120.74565829485927,236.65714154750415,612.0031632940501,1085.3174463890584,782
0.5,40,36,2021,,,pop,Newaukum,redd_dens,40,1944.4265701132229,201.13331073479978,394.2140451315109,1550.212524981712,2338.640615244734,1745
0.5,40,37,2019,,,pop,Newaukum,redd_dens,40,848.1386230067302,74.61127966235135,146.23542097865442,701.9032020280758,994.3740439853846,766
0.5,40,37,2020,,,pop,Newaukum,redd_dens,40,742.8655043935771,113.72508338907619,222.89706758140363,519.9684368121734,965.7625719749808,782
0.5,40,37,2021,,,pop,Newaukum,redd_dens,40,1852.5153726031992,227.7724562221097,446.42581086556106,1406.0895617376382,2298.9411834687603,1745
0.5,40,38,2019,,,pop,Newaukum,redd_dens,40,718.994059870818,80.93239819771988,158.6245856499853,560.3694742208327,877.6186455208033,766
0.5,40,38,2020,,,pop,Newaukum,redd_dens,40,624.2530280342247,88.52252340831367,173.50095770089862,450.75207033332606,797.7539857351234,782
0.5,40,38,2021,,,pop,Newaukum,redd_dens,40,1652.0114656155,210.14148540838454,411.8697430581829,1240.141722557317,2063.881208673683,1745
0.5,40,39,2019,,,pop,Newaukum,redd_dens,40,824.0301358534124,98.94627573561627,193.93113684617728,630.0989990072351,1017.9612726995897,766
0.5,40,39,2020,,,pop,Newaukum,redd_dens,40,877.7494802009514,99.89883348869166,195.79811573539945,681.9513644655519,1073.547595936351,782
0.5,40,39,2021,,,pop,Newaukum,redd_dens,40,2060.3069451018946,211.03427916974405,413.6195866760696,1646.687358425825,2473.926531777964,1745
0.5,40,40,2019,,,pop,Newaukum,redd_dens,40,708.4222971022863,82.57200363948442,161.83815326469968,546.5841438375866,870.260450366986,766
0.5,40,40,2020,,,pop,Newaukum,redd_dens,40,720.5725168710804,96.75400858374864,189.63437218402655,530.9381446870539,910.206889055107,782
0.5,40,40,2021,,,pop,Newaukum,redd_dens,40,1540.6812365760063,175.52613047734016,344.02489408126496,1196.6563424947412,1884.7061306572714,1745
0.5,40,41,2019,,,pop,Newaukum,redd_dens,40,838.3194080902816,91.91765944596307,180.15530205730548,658.1641060329762,1018.4747101475871,766
0.5,40,41,2020,,,pop,Newaukum,redd_dens,40,863.2465152208,108.3625176517572,212.38663187152994,650.85988334927,1075.6331470923299,782
0.5,40,41,2021,,,pop,Newaukum,redd_dens,40,2034.2699974994105,212.1011759688649,415.71066597756754,1618.559331521843,2449.980663476978,1745
0.5,40,42,2019,,,pop,Newaukum,redd_dens,40,867.2436343056658,102.53650401552277,200.9678549710712,666.2757793345945,1068.211489276737,766
0.5,40,42,2020,,,pop,Newaukum,redd_dens,40,957.0881675081449,110.62849864936327,216.82787301648997,740.2602944916549,1173.9160405246348,782
0.5,40,42,2021,,,pop,Newaukum,redd_dens,40,1940.1078197834865,179.58849196900377,351.9869762971081,1588.1208434863784,2292.0947960805947,1745
0.5,40,43,2019,,,pop,Newaukum,redd_dens,40,669.3304029220284,70.43965547127675,138.05918780711218,531.2712151149162,807.3895907291405,766
0.5,40,43,2020,,,pop,Newaukum,redd_dens,40,660.5409270347632,99.35387796999099,194.7300225455698,465.8109044891934,855.270949580333,782
0.5,40,43,2021,,,pop,Newaukum,redd_dens,40,1595.4936122878082,222.60685679636754,436.30142203254564,1159.1921902552626,2031.7950343203538,1745
0.5,40,44,2019,,,pop,Newaukum,redd_dens,40,781.4199773323729,79.41405322042328,155.6486841783767,625.7712931539962,937.0686615107496,766
0.5,40,44,2020,,,pop,Newaukum,redd_dens,40,892.8619650578754,112.05029567156339,219.6145439733285,673.2474210845469,1112.476509031204,782
0.5,40,44,2021,,,pop,Newaukum,redd_dens,40,1726.9748616552015,177.8213739626174,348.52348864815855,1378.451373007043,2075.49835030336,1745
0.5,40,45,2019,,,pop,Newaukum,redd_dens,40,883.294378971349,88.4255490572586,173.31089146540657,709.9834875059424,1056.6052704367555,766
0.5,40,45,2020,,,pop,Newaukum,redd_dens,40,997.9710259393504,140.3891951881845,275.1577663874054,722.8132595519451,1273.1287923267557,782
0.5,40,45,2021,,,pop,Newaukum,redd_dens,40,2054.6589806813017,230.4979436699263,451.76766810359754,1602.8913125777042,2506.426648784899,1745
0.5,40,46,2019,,,pop,Newaukum,redd_dens,40,695.4566997735426,74.66676525840866,146.3441707485875,549.1125290249552,841.80087052213,766
0.5,40,46,2020,,,pop,Newaukum,redd_dens,40,689.5390027036611,84.64149608041735,165.89428391520613,523.6447187884551,855.4332866188672,782
0.5,40,46,2021,,,pop,Newaukum,redd_dens,40,1534.5645314105996,170.38683414842637,333.952058370715,1200.6124730398847,1868.5165897813145,1745
0.5,40,47,2019,,,pop,Newaukum,redd_dens,40,727.9153695142045,85.29328585617785,167.17176840118813,560.7436011130163,895.0871379153926,766
0.5,40,47,2020,,,pop,Newaukum,redd_dens,40,875.7658043273193,149.56829558721574,293.1484725799839,582.6173317473354,1168.9142769073032,782
0.5,40,47,2021,,,pop,Newaukum,redd_dens,40,1965.5044014433618,394.50843531540147,773.2223248154363,1192.2820766279256,2738.726726258798,1745
0.5,40,48,2019,,,pop,Newaukum,redd_dens,40,806.4453517636241,95.84887085441451,187.86033483348328,618.5850169301408,994.3056865971074,766
0.5,40,48,2020,,,pop,Newaukum,redd_dens,40,763.6292206000231,88.86875082142467,174.17955096105666,589.4496696389665,937.8087715610798,782
0.5,40,48,2021,,,pop,Newaukum,redd_dens,40,1682.795948336651,157.82413072681751,309.32961211590356,1373.4663362207475,1992.1255604525545,1745
0.5,40,49,2019,,,pop,Newaukum,redd_dens,40,660.9329845760511,63.93879707517067,125.31773948214943,535.6152450939016,786.2507240582006,766
0.5,40,49,2020,,,pop,Newaukum,redd_dens,40,771.3837674476558,105.61907657286477,207.00958616319306,564.3741812844628,978.3933536108489,782
0.5,40,49,2021,,,pop,Newaukum,redd_dens,40,1867.3730422427343,202.11093745989083,396.1301583030132,1471.2428839397212,2263.5032005457474,1745
0.5,40,50,2019,,,pop,Newaukum,redd_dens,40,757.9786367780642,89.51903671134335,175.45408788495183,582.5245488931124,933.4327246630161,766
0.5,40,50,2020,,,pop,Newaukum,redd_dens,40,716.8817870130372,87.09206376470193,170.6973083180816,546.1844786949556,887.5790953311188,782
0.5,40,50,2021,,,pop,Newaukum,redd_dens,40,1957.4104079549866,223.80784367496992,438.65531306051145,1518.7550948944752,2396.065721015498,1745
